,,,,,,,,,,,,,,,
,1,Year,Date,Employee,WO/SO,Part #,Product Family,Operation,QTY,Target Time,Actual Time,QTY Complete,Actual Time/Unit,Target/Unit,Root Cause
,41,2019,10/9,DK,28400,1204-32,Option Cards,Test,9,90,90,9,10,10,
,41,2019,10/9,DK,28474,1204-30,Option Cards,Test,3,30,30,3,10,10,
,41,2019,10/9,DK,28482,1200-201,SecureSync,Test,3,96,30,0,,32,
,41,2019,10/9,DK,28482,1200-201,SecureSync,Test,3,96,120,2,60,32,
,41,2019,10/9,MR,28453,1204-18,Option Cards,Assembly,6,60,10,0,,10,
,41,2019,10/9,MR,28504,1204-10,Option Cards,Assembly,4,40,10,0,,10,
,41,2019,10/9,MR,28506,1191-2001-0600,Timing ,Assembly,3,24,10,0,,8,
,41,2019,10/9,MR,28450,1204-1C,Option Cards,Assembly,21,210,25,0,,10,
,41,2019,10/9,MR,28507,1204-27,Option Cards,Assembly,9,90,150,0,,10,
,41,2019,10/9,MR,28515,1209-0003-0601,SecureSync,Assembly,1,47,25,0,,47,
,41,2019,10/9,MR,59198,1200-233,Configuration,Assembly,4,40,25,0,,10,
,41,2019,10/9,MR,28516,PS06R-2Z1M-DT01,Kits,Assembly,10,50,55,0,,5,
,41,2019,10/9,RD,28398,1209-0002-0600,SecureSync,Test,4,128,90,3,30,32,
,41,2019,10/9,KP,28509,1200-R010-0600,SecureSync,Assembly,2,94,40,2,20,47,
,41,2019,10/9,KP,28470,1209-0012-0600,SecureSync,Assembly,8,376,320,8,40,47,
,41,2019,10/9,KP,28508,1200-011,SecureSync,Assembly,8,376,84,0,,47,
,41,2019,10/9,CS,28419,1200-413,SecureSync,Test,3,96,45,3,15,32,
,41,2019,10/9,CS,28509,1200-R010-0600,SecureSync,Test,2,64,45,2,23,32,NC-003699
,41,2019,10/9,CS,28394,1191-1001-0600,Timing ,Test,8,192,125,8,16,24,
,41,2019,10/9,CS,28447,1200-203,SecureSync,Test,9,288,125,7,18,32,
,41,2019,10/9,RD,28270,1118-0002-0600,Timing ,Test,5,120,240,5,48,24,NC-003703
,41,2019,10/9,JO,28447,1200-203,SecureSync,Assembly,9,423,120,9,13,47,
,41,2019,10/9,JO,28451,1212-005X-2000,GSG,Assembly,10,900,390,0,,90,
,41,2019,10/9,DK,28469,1204-13,Option Cards,Test,5,50,50,5,10,10,
,41,2019,10/9,DK,28401,1204-1C,Option Cards,Test,21,210,120,21,6,10,
,41,2019,10/9,DK,28476,1204-32,Option Cards,Test,9,90,120,9,13,10,NC-003700
,41,2019,10/10,KP,28508,1200-011,SecureSync,Assembly,8,376,135,8,17,47,
,41,2019,10/10,KP,28520,1232-013,Velasync,Assembly,4,48,55,4,14,12,
,41,2019,10/10,JO,28451,1212-005X-2000,GSG,Assembly,10,900,210,0,,90,
,41,2019,10/10,CS,28447,1200-203,SecureSync,Test,2,64,30,2,15,32,
,41,2019,10/10,CS,28470,1209-0012-0600,SecureSync,Test,8,256,200,8,25,32,
,41,2019,10/10,MR,60712,1200-203,Configuration,Assembly,1,10,7,0,,10,
,41,2019,10/10,MR,60678,1200-021,Configuration,Assembly,2,20,14,0,,10,
,41,2019,10/10,MR,60676,1200-013,Configuration,Assembly,2,20,14,0,,10,
,41,2019,10/10,MR,60677,1200-013,Configuration,Assembly,1,10,7,0,,10,
,41,2019,10/10,MR,60361,1200-013,Configuration,Assembly,1,10,7,0,,10,
,41,2019,10/10,MR,60671,1200-013,Configuration,Assembly,2,20,14,0,,10,
,41,2019,10/10,MR,60094,1200-213,Configuration,Assembly,1,10,7,0,,10,
,41,2019,10/10,MR,60639,1200-413,Configuration,Assembly,3,30,21,0,,10,
,41,2019,10/10,MR,28516,PS06R-2Z1M-DT01,Kits,Assembly,10,50,90,10,9,5,
,41,2019,10/11,MR,60640,1200-031,Configuration,Assembly,1,10,8,0,,10,
,41,2019,10/11,MR,60741,1200-003,Configuration,Assembly,1,10,8,0,,10,
,41,2019,10/11,MR,59497,1200-023,Configuration,Assembly,2,20,16,0,,10,
,41,2019,10/11,MR,60772,1200-003,Configuration,Assembly,1,10,8,0,,10,
,41,2019,10/11,MR,60736,1200-003,Configuration,Assembly,1,10,8,0,,10,
,41,2019,10/11,MR,28540,1209-9004-0601,SecureSync,Assembly,2,94,20,0,,47,
,41,2019,10/11,MR,60740,1200-013,Configuration,Assembly,2,20,16,0,,10,
,41,2019,10/11,MR,60745,1200-233,Configuration,Assembly,2,20,16,0,,10,
,41,2019,10/11,MR,60797,1200-213,Configuration,Assembly,2,20,16,0,,10,
,41,2019,10/11,MR,59195,1200-003,Configuration,Assembly,2,20,16,0,,10,
,41,2019,10/11,MR,60834,2406-013,Configuration,Assembly,4,40,33,0,,10,
,41,2019,10/11,MR,28519,1204-14,Option Cards,Assembly,18,180,60,0,,10,
,41,2019,10/11,KP,28522,1200-413,SecureSync,Assembly,3,141,165,3,55,47,
,41,2019,10/11,KP,28481,1200-203,SecureSync,Assembly,3,141,10,0,,47,
,41,2019,10/11,JO,28451,1212-005X-2000,GSG,Assembly,10,900,210,0,,90,
,41,2019,10/11,RD,28398,1209-0002-0600,SecureSync,Test,1,32,10,1,10,32,
,41,2019,10/11,RD,28508,1200-011,SecureSync,Test,8,256,110,8,14,32,
,41,2019,10/11,RD,28522,1200-413,SecureSync,Test,3,96,50,3,17,32,
,41,2019,10/11,RD,28453,1204-18,Option Cards,Test,6,60,15,6,3,10,
,42,2019,10/13,DK,28450,1204-1C,Option Cards,Test,21,210,120,21,6,10,NC-003711
,42,2019,10/13,DK,28519,1204-14,Option Cards,Test,18,180,135,18,8,10,
,42,2019,10/13,DK,28507,1204-27,Option Cards,Test,9,90,30,3,10,10,
,42,2019,10/14,JO,28451,1212-005X-2000,GSG,Assembly,10,900,150,10,15,90,
,42,2019,10/14,JO,28465,1212-006X-2000,GSG,Assembly,8,720,300,0,,90,
,42,2019,10/14,KP,28481,1200-203,SecureSync,Assembly,3,141,205,3,68,47,
,42,2019,10/14,KP,28521,1209-0212-0600,SecureSync,Assembly,1,47,40,1,40,47,
,42,2019,10/14,KP,28569,1200-031,SecureSync,Assembly,2,94,78,2,39,47,
,42,2019,10/14,KP,28510,1204-29,Option Cards,Assembly,6,60,15,6,3,10,
,42,2019,10/14,KP,28533,1204-28,Option Cards,Assembly,6,60,13,6,2,10,
,42,2019,10/14,MR,28534,1204-26,Option Cards,Assembly,3,30,51,0,,10,
,42,2019,10/14,MR,28510,1204-29,Option Cards,Assembly,6,60,30,0,,10,
,42,2019,10/14,MR,28533,1204-28,Option Cards,Assembly,6,60,40,0,,10,
,42,2019,10/14,MR,28572,1186-3002-0600,Timing ,Assembly,10,80,25,10,3,8,
,42,2019,10/14,MR,28471,1204-23,Option Cards,Assembly,5,50,15,5,3,10,
,42,2019,10/14,MR,58936,1200-053,Configuration,Assembly,2,20,45,0,,10,
,42,2019,10/14,MR,60791,1200-011,Configuration,Assembly,1,10,23,0,,10,
,42,2019,10/14,MR,60714,1200-011,Configuration,Assembly,2,20,45,0,,10,
,42,2019,10/14,MR,60771,1200-231,Configuration,Assembly,1,10,23,0,,10,
,42,2019,10/14,MR,60792,1200-031,Configuration,Assembly,2,20,45,0,,10,
,42,2019,10/14,MR,28539,1204-04,Option Cards,Assembly,15,150,40,0,,10,
,42,2019,10/15,DK,28507,1204-27,Option Cards,Test,9,90,60,6,10,10,
,42,2019,10/15,DK,28510,1204-29,Option Cards,Test,6,60,45,6,8,10,
,42,2019,10/15,DK,28533,1204-28,Option Cards,Test,6,60,45,6,8,10,
,42,2019,10/15,DK,28471,1204-23,Option Cards,Test,5,50,35,5,7,10,
,42,2019,10/15,DK,28534,1204-26,Option Cards,Test,3,30,30,3,10,10,
,42,2019,10/15,DK,28539,1204-04,Option Cards,Test,15,150,120,15,8,10,
,42,2019,10/15,CS,28506,1191-2001-0600,Timing ,Test,3,72,55,3,18,24,
,42,2019,10/15,CS,28635,1219-0000-0600,Timing ,Test,3,72,80,3,27,24,
,42,2019,10/15,CS,28523,1200-001,SecureSync,Test,10,320,90,0,,32,
,42,2019,10/15,CS,28391,1200-001,SecureSync,Test,3,96,30,0,,32,
,42,2019,10/15,KP,28480,1200-C073-0600,SecureSync,Assembly,4,188,480,0,,47,
,42,2019,10/15,JO,28465,1212-006X-2000,GSG,Assembly,8,720,450,0,,90,
,42,2019,10/15,MR,28624,1209-0001-0601,SecureSync,Assembly,3,141,30,0,,47,
,42,2019,10/15,MR,28325,1209-0002-0601,SecureSync,Assembly,4,188,40,0,,47,
,42,2019,10/15,MR,60862,1200-011,Configuration,Assembly,8,80,80,0,,10,
,42,2019,10/15,MR,28545,PS06R-2Z1M-DT01,Kits,Assembly,10,50,90,0,,5,
,42,2019,10/15,MR,28505,1204-25,Option Cards,Assembly,9,90,150,0,,10,
,42,2019,10/15,MR,28472,1204-05,Option Cards,Assembly,12,120,30,0,,10,
,42,2019,10/15,MR,60915,1200-013,Configuration,Assembly,1,10,9,0,,10,
,42,2019,10/15,MR,60792,1200-033,Configuration,Assembly,2,20,18,0,,10,
,42,2019,10/15,MR,60830,1200-413,Configuration,Assembly,1,10,9,0,,10,
,42,2019,10/15,MR,60851,1200-013,Configuration,Assembly,2,20,18,0,,10,
,42,2019,10/15,MR,60822,1200-013,Configuration,Assembly,1,10,9,0,,10,
,42,2019,10/15,MR,28538,1209-0003-0601,SecureSync,Assembly,6,282,54,0,,47,
,42,2019,10/15,RD,28569,1200-031,SecureSync,Test,2,64,30,2,15,32,
,42,2019,10/15,RD,28521,1209-0212-0600,SecureSync,Test,1,32,20,1,20,32,
,42,2019,10/15,RD,28481,1200-203,SecureSync,Test,3,96,45,3,15,32,
,42,2019,10/15,RD,28572,1186-3002-0600,Timing ,Test,10,240,225,9,25,24,
,42,2019,10/16,DK,28505,1204-25,Option Cards,Test,9,90,135,9,15,10,
,42,2019,10/16,DK,28472,1204-05,Option Cards,Assembly,12,120,60,12,5,10,
,42,2019,10/16,DK,28600,1200-H033-0600,SecureSync,Test,8,256,90,0,,32,
,42,2019,10/16,CS,28523,1200-001,SecureSync,Assembly,13,611,390,13,30,47,
,42,2019,10/16,CS,28542,1200-003,SecureSync,Assembly,8,376,70,0,,47,
,42,2019,10/16,RD,28480,1200-C073-0600,SecureSync,Test,4,128,113,0,,32,
,42,2019,10/16,RD,28542,1200-003,SecureSync,Test,3,96,95,3,32,32,
,42,2019,10/16,MR,28545,PS06R-2Z1M-DT01,Kits,Assembly,10,50,100,10,10,5,
,42,2019,10/16,MR,28567,1204-24,Option Cards,Assembly,6,60,80,0,,10,
,42,2019,10/16,MR,60674,1200-003,Configuration,Assembly,2,20,8,0,,10,
,42,2019,10/16,MR,28636,1200-R010-0601,SecureSync,Assembly,2,94,8,0,,47,
,42,2019,10/16,MR,60362,1200-213,Configuration,Assembly,3,30,12,0,,10,
,42,2019,10/16,MR,60683,1200-203,Configuration,Assembly,9,90,36,0,,10,
,42,2019,10/16,MR,28487,1204-05,Option Cards,Assembly,12,120,35,0,,10,
,42,2019,10/16,MR,28536,1204-1B,Option Cards,Assembly,3,30,20,0,,10,
,42,2019,10/16,KP,28480,1200-C073-0600,SecureSync,Assembly,4,188,238,4,60,47,
,42,2019,10/16,KP,28071,1209-0012-0600,SecureSync,Assembly,1,47,13,1,13,47,
,42,2019,10/16,KP,28403,1200-013,SecureSync,Assembly,10,470,170,0,,47,
,42,2019,10/16,JO,28465,1212-006X-2000,GSG,Assembly,8,720,60,8,8,90,
,42,2019,10/16,JO,28600,1200-H033-0600,SecureSync,Assembly,8,376,365,8,46,47,
,42,2019,10/16,JO,28473,1209-0002-0600,SecureSync,Assembly,4,188,15,0,,47,
,42,2019,10/17,MR,28641,1200-9072-0601,SecureSync,Assembly,4,188,20,0,,47,
,42,2019,10/17,MR,60861,1200-003,Configuration,Assembly,1,10,5,0,,10,
,42,2019,10/17,MR,60870,1200-003,Configuration,Assembly,1,10,5,0,,10,
,42,2019,10/17,MR,60832,1200-003,Configuration,Assembly,1,10,5,0,,10,
,42,2019,10/17,MR,28607,1200-H033-0601,SecureSync,Assembly,6,282,30,0,,47,
,42,2019,10/17,MR,28697,1200-C001-0601,SecureSync,Assembly,4,188,20,0,,47,
,42,2019,10/17,MR,60776,1200-201,Configuration,Assembly,3,30,15,0,,10,
,42,2019,10/17,MR,28485,1204-15,Option Cards,Assembly,12,120,45,0,,10,
,42,2019,10/17,MR,28417,1204-1C,Option Cards,Assembly,19,190,30,0,,10,
,42,2019,10/17,DK,28523,1200-001,SecureSync,Test,10,320,235,9,26,32,
,42,2019,10/17,DK,28472,1204-05,Option Cards,Test,8,80,80,8,10,10,
,42,2019,10/17,DK,28487,1204-05,Option Cards,Assembly,12,120,45,12,4,10,
,42,2019,10/17,JO,28473,1209-0002-0601,SecureSync,Assembly,4,188,150,4,38,47,
,42,2019,10/17,JO,28640,1200-H033-0600,SecureSync,Assembly,8,376,325,8,41,47,
,42,2019,10/17,JO,28653,1200-H033-0600,SecureSync,Assembly,10,470,240,0,,47,
,42,2019,10/17,KP,28403,1200-013,SecureSync,Assembly,10,470,200,10,20,47,
,42,2019,10/17,KP,28483,1200-023,SecureSync,Assembly,5,235,180,5,36,47,
,42,2019,10/17,KP,28608,1200-113,SecureSync,Assembly,1,47,70,1,70,47,
,42,2019,10/17,CS,28542,1200-003,SecureSync,Assembly,8,376,220,8,28,47,
,42,2019,10/17,CS,28601,1191-1001-0600,Timing ,Assembly,12,96,20,12,2,8,
,42,2019,10/17,CS,28659,1200-203,SecureSync,Assembly,1,47,45,1,45,47,
,42,2019,10/17,CS,28524,1200-233,SecureSync,Assembly,6,282,190,6,32,47,
,42,2019,10/17,RD,28473,1209-0002-0600,SecureSync,Test,4,128,155,4,39,32,
,42,2019,10/17,RD,28542,1200-003,SecureSync,Test,5,160,75,2,38,32,
,42,2019,10/17,RD,28391,1200-001,SecureSync,Test,3,96,60,3,20,32,
,42,2019,10/17,RD,28659,1200-203,SecureSync,Test,1,32,25,1,25,32,
,42,2019,10/17,RD,28542,1200-003,SecureSync,Test,8,256,115,8,14,32,
,42,2019,10/18,KP,28502,1200-213,SecureSync,Assembly,6,282,240,6,40,47,
,42,2019,10/18,KP,28485,1204-15,Option Cards,Assembly,12,120,40,12,3,10,
,42,2019,10/18,JO,28653,1200-H033-0600,SecureSync,Assembly,10,470,210,10,21,47,
,42,2019,10/18,JO,28603,1200-001,SecureSync,Assembly,5,235,195,5,39,47,
,42,2019,10/18,JO,28517,1204-1C,Option Cards,Assembly,19,190,105,19,6,10,
,42,2019,10/18,JO,28478,1210-0002-0600,SecureSync,Assembly,5,235,195,5,39,47,
,42,2019,10/18,DW,28601,1191-1001-0600,Timing ,Test,10,240,80,5,16,24,
,42,2019,10/18,DK,28600,1200-H033-0600,SecureSync,Test,8,256,240,8,30,32,
,42,2019,10/18,DK,28403,1200-013,SecureSync,Test,10,320,120,10,12,32,
,42,2019,10/18,DK,28567,1204-24,Option Cards,Assembly,6,60,20,6,3,10,
,42,2019,10/18,DK,28536,1204-1B,Option Cards,Assembly,3,30,4,3,1,10,
,42,2019,10/18,DK,28487,1204-05,Option Cards,Assembly,12,120,20,12,2,10,
,42,2019,10/18,DK,28608,1200-113,SecureSync,Test,1,32,30,1,30,32,
,42,2019,10/18,RD,28698,1200-003,SecureSync,Test,1,32,40,1,40,32,
,42,2019,10/18,CS,28698,1200-003,SecureSync,Assembly,10,470,335,10,34,47,
,42,2019,10/19,JO,28543,1204-1C,Option Cards,Assembly,21,210,180,21,9,10,
,42,2019,10/19,JO,28525,1204-05,Option Cards,Assembly,12,120,90,12,8,10,
,42,2019,10/19,JO,28518,1204-32,Option Cards,Assembly,9,90,15,0,,10,
,42,2019,10/19,DK,28403,1200-013,SecureSync,Test,10,320,120,10,12,32,
,42,2019,10/19,DK,28524,1200-233,SecureSync,Test,6,192,60,6,10,32,
,42,2019,10/19,RD,28698,1200-003,SecureSync,Test,10,320,50,1,50,32,
,42,2019,10/19,CS,28526,1200-033,SecureSync,Assembly,3,141,90,3,30,47,
,42,2019,10/19,CS,28501,1200-233,SecureSync,Assembly,3,141,120,3,40,47,
,42,2019,10/19,CS,28604,1200-013,SecureSync,Assembly,10,470,70,0,,47,
,43,2019,10/21,CS,28604,1200-013,SecureSync,Assembly,10,470,220,10,22,47,
,43,2019,10/21,CS,28517,1204-1C,Option Cards,Assembly,19,190,60,19,3,10,
,43,2019,10/21,CS,28543,1204-1C,Option Cards,Assembly,21,210,30,21,1,10,
,43,2019,10/21,CS,28541,1204-15,Option Cards,Assembly,12,120,85,12,7,10,
,43,2019,10/21,CS,28525,1204-05,Option Cards,Assembly,12,120,55,6,9,10,
,43,2019,10/21,RD,28483,1200-023,SecureSync,Test,5,160,40,2,20,32,
,43,2019,10/21,RD,28502,1200-213,SecureSync,Test,6,192,30,2,15,32,
,43,2019,10/21,RD,28698,1200-003,SecureSync,Test,2,64,30,2,15,32,
,43,2019,10/21,RD,28571,1209-0002-0600,SecureSync,Test,1,32,10,0,,32,
,43,2019,10/21,KP,28537,1204-14,Option Cards,Assembly,18,180,46,18,3,10,
,43,2019,10/21,KP,28568,1200-033,SecureSync,Assembly,5,235,213,5,43,47,
,43,2019,10/21,KP,28535,1204-1F,Option Cards,Assembly,12,120,61,12,5,10,
,43,2019,10/21,KP,28657,1204-1F,Option Cards,Assembly,12,120,35,12,3,10,
,43,2019,10/21,KP,28642,1204-06,Option Cards,Assembly,24,240,62,24,3,10,
,43,2019,10/21,JO,28518,1204-32,Option Cards,Assembly,9,90,60,9,7,10,
,43,2019,10/21,JO,28541,1204-15,Option Cards,Assembly,12,120,105,12,9,10,
,43,2019,10/21,JO,28571,1209-0002-0600,SecureSync,Assembly,6,282,280,6,47,47,
,43,2019,10/21,JO,28574,1200-023,SecureSync,Assembly,8,376,255,0,,47,
,43,2019,10/22,JO,28574,1200-023,SecureSync,Assembly,8,376,90,8,11,47,
,43,2019,10/22,JO,28713,1209-0002-0600,SecureSync,Assembly,4,188,150,4,38,47,
,43,2019,10/22,JO,28720,TSYNC-PCIE-9002,Timing ,Assembly,25,200,180,25,7,8,
,43,2019,10/22,JO,28656,1204-02,Option Cards,Assembly,12,120,90,12,8,10,
,43,2019,10/22,JO,28652,1204-28,Option Cards,Assembly,6,60,60,6,10,10,
,43,2019,10/22,JO,28658,1204-18,Option Cards,Assembly,6,60,60,6,10,10,
,43,2019,10/22,JO,28623,1200-231,SecureSync,Assembly,8,376,45,0,,47,
,43,2019,10/22,RD,28603,1200-001,SecureSync,Test,5,160,65,5,13,32,
,43,2019,10/22,RD,28571,1209-0002-0600,SecureSync,Test,1,32,20,1,20,32,
,43,2019,10/22,RD,28483,1200-003,SecureSync,Test,5,160,24,3,8,32,
,43,2019,10/22,RD,28502,1200-213,SecureSync,Test,6,192,65,4,16,32,
,43,2019,10/22,KP,28606,1200-013,SecureSync,Assembly,10,470,355,10,36,47,
,43,2019,10/22,KP,28655,1200-233,SecureSync,Assembly,4,188,60,0,,47,
,43,2019,10/21,DK,28524,1200-233,SecureSync,Test,6,192,90,6,15,32,
,43,2019,10/21,DK,28640,1200-H033-0600,SecureSync,Test,8,256,240,8,30,32,
,43,2019,10/21,DK,28604,1200-013,SecureSync,Test,10,320,180,10,18,32,
,43,2019,10/22,CS,28525,1204-05,Option Cards,Test,6,60,50,6,8,10,
,43,2019,10/22,CS,28642,1204-06,Option Cards,Test,24,240,105,24,4,10,
,43,2019,10/22,CS,28567,1204-24,Option Cards,Test,6,60,35,6,6,10,
,43,2019,10/22,CS,28571,1209-0002-0601,SecureSync,Test,5,160,130,5,26,32,
,43,2019,10/22,CS,28698,1200-003,SecureSync,Test,7,224,110,7,16,32,
,43,2019,10/22,CS,28501,1200-233,SecureSync,Test,3,96,40,3,13,32,
,43,2019,10/22,RD,28478,1210-0002-0600,SecureSync,Test,5,160,90,5,18,32,
,43,2019,10/22,RD,28657,1204-1F,Option Cards,Test,12,120,75,10,8,10,
,43,2019,10/22,RD,28535,1204-1F,Option Cards,Test,12,120,105,12,9,10,
,43,2019,10/22,RD,28573,1204-08,Option Cards,Test,9,90,30,9,3,10,
,43,2019,10/22,RD,28536,1204-1B,Option Cards,Test,3,30,30,3,10,10,
,43,2019,10/22,CS,28526,1200-033,SecureSync,Test,3,96,55,3,18,32,
,43,2019,10/22,CS,28720,TSYNC-PCIE-9002,Timing ,Test,25,600,360,0,,24,
,43,2019,10/22,DK,28658,1204-18,Option Cards,Test,6,60,60,6,10,10,
,43,2019,10/22,DK,28652,1204-28,Option Cards,Test,6,60,60,6,10,10,
,43,2019,10/22,DK,28518,1204-32,Option Cards,Test,9,90,90,9,10,10,
,43,2019,10/22,DK,28487,1204-05,Option Cards,Test,12,120,90,12,8,10,
,43,2019,10/22,DK,28656,1204-02,Option Cards,Test,12,120,120,12,10,10,
,43,2019,10/22,JO,28623,1200-231,SecureSync,Assembly,8,376,300,8,38,47,
,43,2019,10/22,JO,28721,1200-001,SecureSync,Assembly,5,235,235,5,47,47,
,43,2019,10/22,JO,28712,1204-1C,Option Cards,Assembly,21,210,105,0,,10,
,43,2019,10/22,KP,28655,1200-233,SecureSync,Assembly,4,188,150,4,38,47,
,43,2019,10/22,KP,28573,1204-08,SecureSync,Assembly,9,423,20,9,2,47,
,43,2019,10/22,KP,28776,1200-413,SecureSync,Assembly,3,141,190,3,63,47,
,43,2019,10/22,KP,28775,1200-233,SecureSync,Assembly,2,94,20,0,,47,
,43,2019,10/23,KP,28775,1200-223,SecureSync,Assembly,2,94,130,2,65,47,
,43,2019,10/23,KP,28639,1209-0012-0600,SecureSync,Assembly,8,376,270,0,,47,
,43,2019,10/23,JO,28712,1204-1C,Option Cards,Assembly,21,210,105,21,5,10,
,43,2019,10/23,JO,28704,1200-053,SecureSync,Assembly,4,188,180,4,45,47,
,43,2019,10/23,JO,28777,1200-H003-0600,SecureSync,Assembly,6,282,210,6,35,47,
,43,2019,10/23,JO,28699,1200-003,SecureSync,Assembly,8,376,195,0,,47,
,43,2019,10/23,DK,28537,1204-14,Option Cards,Test,18,180,120,18,7,10,
,43,2019,10/23,DK,28623,1200-231,SecureSync,Test,8,256,300,7,43,32,
,43,2019,10/23,DK,28776,1200-413,SecureSync,Test,3,96,90,3,30,32,
,43,2019,10/23,CS,28606,1200-013,SecureSync,Test,10,320,265,10,27,32,
,43,2019,10/23,CS,28704,1200-053,SecureSync,Test,4,128,50,4,13,32,
,43,2019,10/23,CS,28775,1200-223,SecureSync,Test,2,64,40,2,20,32,
,43,2019,10/23,RD,28655,1200-233,SecureSync,Test,4,128,95,4,24,32,
,43,2019,10/23,RD,28478,1210-0002-0600,SecureSync,Test,5,160,65,5,13,32,
,43,2019,10/23,RD,28713,1209-0002-0600,SecureSync,Test,4,128,86,4,22,32,
,43,2019,10/23,RD,28568,1200-033,SecureSync,Test,5,160,78,4,20,32,
,43,2019,10/25,PC,28724,1204-32,Option Cards,Assembly,9,90,55,9,6,10,
,43,2019,10/25,PC,28853,1204-1F,Option Cards,Assembly,12,120,65,12,5,10,
,43,2019,10/25,PC,28825,1204-06,Option Cards,Assembly,10,100,33,10,3,10,
,43,2019,10/25,KP,28639,1209-0012-0600,SecureSync,Assembly,8,376,100,8,13,47,
,43,2019,10/25,KP,28870,1200-231,SecureSync,Assembly,1,47,60,1,60,47,
,43,2019,10/25,KP,28728,1200-011,SecureSync,Assembly,2,94,85,2,43,47,
,43,2019,10/25,KP,28811,1204-13,Option Cards,Assembly,1,10,45,1,45,10,
,43,2019,10/25,KP,28654,1204-15,Option Cards,Assembly,12,120,70,0,,10,
,43,2019,10/25,JO,28699,1200-003,SecureSync,Assembly,8,376,150,8,19,47,
,43,2019,10/25,JO,28717,1210-0002-0600,SecureSync,Assembly,5,235,225,5,45,47,
,43,2019,10/25,JO,28720,TSYNC-PCIE-9002,Timing ,Assembly,13,104,165,13,13,8,
,43,2019,10/25,JO,28706,1204-23,Option Cards,Assembly,30,300,15,0,,10,
,43,2019,10/25,RD,28653,1200-H033-0600,SecureSync,Test,10,320,195,8,24,32,
,43,2019,10/25,RD,28777,1200-H033-0600,SecureSync,Test,6,192,105,6,18,32,
,43,2019,10/25,DK,28870,1200-231,SecureSync,Test,1,32,32,1,32,32,
,43,2019,10/25,DK,28721,1200-001,SecureSync,Test,5,160,260,4,65,32,
,43,2019,10/25,DK,28717,1210-0002-0600,SecureSync,Test,5,160,60,1,60,32,
,43,2019,10/25,CS,28574,1200-023,SecureSync,Test,8,256,165,8,21,32,
,43,2019,10/25,CS,28699,1200-003,SecureSync,Test,8,256,335,8,42,32,
,44,2019,10/29,RD,28728,1200-011,SecureSync,Test,2,64,47,2,24,32,
,44,2019,10/29,RD,28639,1209-0012-0600,SecureSync,Test,8,256,170,8,21,32,
,44,2019,10/29,DK,28853,1204-1F,Option Cards,Test,12,120,120,11,11,10,
,44,2019,10/29,DK,28654,1204-15,Option Cards,Test,12,120,90,12,8,10,
,44,2019,10/29,DK,28718,1204-19,Option Cards,Test,6,60,30,6,5,10,
,44,2019,10/29,KP,28878,1228-0410,Versasync/PNT,Assembly,8,144,340,8,43,18,
,44,2019,10/29,KP,28810,1191-0041-0600,Timing ,Assembly,5,40,35,5,7,8,
,44,2019,10/29,KP,28809,1204-15,Option Cards,Assembly,12,120,60,0,,10,
,44,2019,10/29,JO,28727,1212-005X-2000,GSG,Assembly,10,900,450,0,,90,
,44,2019,10/29,PC,28872,1200-H003-0600,SecureSync,Assembly,3,141,25,3,8,47,
,44,2019,10/29,PC,61451,1200-413,Configuration,Assembly,2,20,17,2,9,10,
,44,2019,10/29,PC,61422,1200-413,Configuration,Assembly,1,10,5,1,5,10,
,44,2019,10/29,PC,61681,1200-003,Configuration,Assembly,1,10,8,1,8,10,
,44,2019,10/29,PC,61665,1200-013,Configuration,Assembly,5,50,40,5,8,10,
,44,2019,10/28,JO,28706,1204-23,Option Cards,Assembly,3,30,30,3,10,10,
,44,2019,10/28,JO,28727,1212-005X-2000,GSG,Assembly,10,900,225,0,,90,
,44,2019,10/28,JO,28819,1204-25,Option Cards,Assembly,6,60,185,6,31,10,
,44,2019,10/28,PC,59880,1200-231,Configuration,Assembly,8,80,180,7,26,10,
,44,2019,10/28,PC,ROC-WAR,1200-233,Configuration,Assembly,3,30,50,3,17,10,
,44,2019,10/28,PC,59880,1200-231,Configuration,Assembly,1,10,10,1,10,10,
,44,2019,10/28,PC,60681,1200-013,Configuration,Assembly,1,10,15,1,15,10,
,44,2019,10/28,PC,28872,1200-H003-0600,SecureSync,Assembly,8,376,95,5,19,47,
,44,2019,10/28,KP,28654,1204-15,Option Cards,Assembly,12,120,165,12,14,10,
,44,2019,10/28,KP,28855,1186-6002-0600,Timing ,Assembly,3,24,10,3,3,8,
,44,2019,10/28,KP,28825,1204-06,Option Cards,Assembly,24,240,30,24,1,10,
,44,2019,10/28,KP,28824,1191-9000-0600,Timing ,Assembly,6,48,50,6,8,8,
,44,2019,10/28,KP,28860,1228-1110,Versasync/PNT,Assembly,1,18,90,1,90,18,
,44,2019,10/28,RD,28702,1204-23,Option Cards,Test,3,30,15,3,5,10,
,44,2019,10/28,RD,28819,1204-25,Option Cards,Test,1,10,20,1,20,10,
,44,2019,10/28,CS,28720,TSYNC-PCIE-9002,Timing ,Test,13,312,315,13,24,24,
,44,2019,10/28,CS,28824,1191-9000-0600,Timing ,Test,6,144,40,0,,24,
,44,2019,10/28,DK,28717,1210-0002-0600,SecureSync,Test,5,160,150,5,30,32,
,44,2019,10/28,DK,28811,1204-13,Option Cards,Test,1,10,60,0,,10,
,44,2019,10/28,DK,28712,1204-1C,Option Cards,Test,21,210,120,21,6,10,
,45,2019,11/4,RD,28950,1204-06,Option Cards,Test,24,240,210,24,9,10,
,45,2019,11/4,RD,28916,1204-03,Option Cards,Test,3,30,30,3,10,10,
,45,2019,11/5,RD,28725,1200-213,SecureSync,Test,4,128,60,3,20,32,
,45,2019,11/5,RD,28945,1200-011,SecureSync,Test,2,64,55,1,55,32,
,45,2019,11/5,RD,28942,1200-031,SecureSync,Test,1,32,23,1,23,32,
,45,2019,11/5,RD,28879,1200-001,SecureSync,Test,3,96,25,0,,32,
,45,2019,11/5,RD,28894,1200-033,SecureSync,Test,5,160,65,0,,32,
,45,2019,11/6,RD,28967,1191-0041-0600,Timing ,Test,3,72,120,3,40,24,
,45,2019,11/6,RD,28879,1200-001,SecureSync,Test,3,96,25,3,8,32,
,45,2019,11/6,RD,28894,1200-033,SecureSync,Test,5,160,45,4,11,32,
,45,2019,11/7,RD,28810,1191-0041-0600,Timing ,Test,5,120,150,5,30,24,
,45,2019,11/7,RD,28983,1200-013,SecureSync,Test,10,320,200,8,25,32,
,45,2019,11/7,CS,28959,1200-013,SecureSync,Test,10,320,170,10,17,32,
,45,2019,11/7,CS,28125,TSYNC-PCIE-9002,Timing ,Test,50,1200,265,50,5,24,
,45,2019,11/6,CS,28982,TSYNC-PCIE-9002,Timing ,Test,25,600,80,25,3,24,
,45,2019,11/6,CS,28969,1204-04,Option Cards,Test,3,30,25,3,8,10,
,45,2019,11/6,CS,29078,1204-1A,Option Cards,Test,6,60,10,6,2,10,
,45,2019,11/6,CS,28952,1204-15,Option Cards,Test,12,120,65,12,5,10,
,45,2019,11/6,CS,28901,1200-113,SecureSync,Test,6,192,185,6,31,32,
,45,2019,11/6,CS,28874,1200-233,SecureSync,Test,3,96,40,3,13,32,
,45,2019,11/5,CS,28982,TSYNC-PCIE-9002,Timing ,Test,50,1200,500,50,10,24,
,45,2019,11/4,CS,28904,1191-2001-0600,Timing ,Test,3,72,80,3,27,24,
,45,2019,11/4,CS,28891,1191-3001-0600,Timing ,Test,8,192,150,8,19,24,
,45,2019,11/4,CS,28903,1191-9000-0600,Timing ,Test,6,144,85,6,14,24,
,45,2019,11/4,CS,28892,1191-1001-0600,Timing ,Test,13,312,195,13,15,24,
,44,2019,10/30,RD,28855,1186-6002-0600,Timing ,Test,3,72,75,3,25,24,
,44,2019,10/30,RD,28818,1204-1C,Option Cards,Test,21,210,60,21,3,10,
,44,2019,10/30,DK,28819,1204-25,Option Cards,Test,6,60,60,6,10,10,
,44,2019,10/30,DK,28724,1204-32,Option Cards,Test,9,90,60,9,7,10,
,44,2019,10/30,DK,28707,1200-013,SecureSync,Test,10,320,240,10,24,32,
,44,2019,10/30,KP,28809,1204-15,Option Cards,Assembly,12,120,60,12,5,10,
,44,2019,10/30,KP,28873,1228-0410,Versasync/PNT,Assembly,7,126,275,7,39,18,
,44,2019,10/30,KP,28895,1186-3002,Timing ,Assembly,13,104,30,13,2,8,
,44,2019,10/30,JO,28727,1212-005X-2000,GSG,Assembly,10,900,150,10,15,90,
,44,2019,10/30,JO,28818,1204-1C,Option Cards,Assembly,21,210,180,21,9,10,
,44,2019,10/30,JO,28857,1200-003,SecureSync,Assembly,8,376,150,0,,47,
,44,2019,11/1,RD,28876,1200-021,SecureSync,Test,2,64,45,2,23,32,
,44,2019,10/31,RD,28825,1204-06,Option Cards,Test,24,240,195,24,8,10,
,44,2019,10/31,RD,28876,1200-021,SecureSync,Test,2,64,25,2,13,32,
,44,2019,10/31,RD,28856,1200-H433-0600,SecureSync,Test,1,32,25,1,25,32,
,44,2019,10/31,RD,28857,1200-003,SecureSync,Test,8,256,140,8,18,32,
,44,2019,11/1,DK,28895,1186-3002-0600,Timing ,Test,5,120,90,5,18,24,
,44,2019,11/1,DK,28944,1186-6002-0600,Timing ,Test,4,96,90,4,23,24,
,44,2019,10/31,DK,28807,1204-15,Option Cards,Test,12,120,90,12,8,10,
,44,2019,10/31,DK,28895,1186-3002-0600,Timing ,Test,13,312,150,8,19,24,
,44,2019,11/1,CS,28877,1200-013,SecureSync,Test,10,320,110,10,11,32,
,44,2019,11/1,CS,28826,1204-18,Option Cards,Test,6,60,40,6,7,10,
,44,2019,11/1,CS,28709,1209-0012-0600,SecureSync,Test,8,256,110,8,14,32,
,44,2019,11/1,JO,28709,1209-0012-0600,SecureSync,Assembly,8,376,300,8,38,47,
,44,2019,11/1,JO,28946,1204-17,Option Cards,Assembly,12,120,135,12,11,10,
,44,2019,10/31,JO,28857,1200-003,SecureSync,Assembly,8,376,210,8,26,47,
,44,2019,10/31,JO,28826,1204-13,Option Cards,Assembly,6,60,75,6,13,10,
,44,2019,10/31,JO,28709,1209-0012-0600,SecureSync,Assembly,8,376,45,0,,47,
,44,2019,10/31,EE,28947,1200-013,SecureSync,Assembly,10,470,526,4,132,47,
,44,2019,11/1,PC,61325,1200-011,Configuration,Assembly,1,10,9,1,9,10,
,44,2019,11/1,PC,61351,1200-011,Configuration,Assembly,1,10,8,1,8,10,
,44,2019,11/1,PC,28971,1209-0003-0601,SecureSync,Assembly,4,188,110,4,28,47,
,44,2019,11/1,PC,61867,1200-003,Configuration,Assembly,1,10,25,1,25,10,
,44,2019,11/1,PC,61751,1200-013,Configuration,Assembly,1,10,15,1,15,10,
,44,2019,11/1,PC,28940,1200-H134-0601,SecureSync,Assembly,6,282,65,6,11,47,
,44,2019,11/1,PC,61567,1200-013,SecureSync,Assembly,2,94,12,1,12,47,
,44,2019,10/31,PC,28898,1209-0002-0601,SecureSync,Assembly,4,188,65,4,16,47,
,44,2019,10/30,PC,61307,1200-033,Configuration,Assembly,5,50,40,5,8,10,
,44,2019,10/30,PC,61516,1200-033,Configuration,Assembly,1,10,11,1,11,10,
,44,2019,10/30,PC,61775,1200-013,Configuration,Assembly,1,10,8,1,8,10,
,44,2019,10/30,PC,61636,1200-023,Configuration,Assembly,1,10,6,1,6,10,
,44,2019,10/30,PC,28939,1200-9016-0601,SecureSync,Assembly,4,188,123,4,31,47,
,44,2019,10/30,PC,60015,1200-003,Configuration,Assembly,1,10,10,1,10,10,
,44,2019,10/31,KP,28876,1200-021,SecureSync,Assembly,2,94,85,2,43,47,
,44,2019,10/31,KP,28856,1200-H433-0600,SecureSync,Assembly,1,47,90,1,90,47,
,44,2019,10/31,KP,28823,1204-05,Option Cards,Assembly,12,120,215,12,18,10,
,44,2019,10/31,KP,28944,1186-6002-0600,Timing ,Assembly,4,32,15,4,4,8,
,44,2019,10/31,KP,28852,1209-0002-0600,SecureSync,Assembly,4,188,55,0,,47,
,44,2019,11/1,KP,28904,1191-2001-0600,Timing ,Assembly,3,24,18,3,6,8,
,44,2019,11/1,KP,28903,1191-9000-0600,Timing ,Assembly,6,48,60,6,10,8,
,44,2019,11/1,KP,28892,1191-1001-0600,Timing ,Assembly,13,104,30,13,2,8,
,44,2019,11/1,KP,28950,1204-06,Option Cards,Assembly,24,240,30,24,1,10,
,44,2019,11/1,KP,28891,1191-3001-0600,Timing ,Assembly,8,64,125,8,16,8,
,44,2019,11/1,KP,28852,1209-0002-0600,SecureSync,Assembly,4,188,130,0,,47,
,45,2019,11/7,DK,29076,1204-05,Option Cards,Test,12,120,120,12,10,10,
,45,2019,11/7,DK,28969,1204-04,Option Cards,Test,3,30,30,3,10,10,
,45,2019,11/7,DK,29078,1204-1A,Option Cards,Test,6,60,60,6,10,10,
,45,2019,11/7,DK,28952,1204-15,Option Cards,Test,12,120,120,12,10,10,
,45,2019,11/7,DK,28969,1204-10,Option Cards,Test,3,30,30,3,10,10,
,45,2019,11/7,DK,28941,1204-17,Option Cards,Test,12,120,75,12,6,10,
,45,2019,11/6,DK,28949,1204-32,Option Cards,Test,9,90,60,9,7,10,
,45,2019,11/6,DK,28965,1204-14,Option Cards,Test,9,90,90,9,10,10,
,45,2019,11/6,DK,28941,1204-17,Option Cards,Test,10,100,120,10,12,10,
,45,2019,11/4,DK,28823,1204-05,Option Cards,Test,12,120,90,12,8,10,
,45,2019,11/4,DK,28946,1204-17,Option Cards,Test,12,120,90,12,8,10,
,45,2019,11/4,DK,28852,1209-0002-0600,SecureSync,Test,4,128,120,4,30,32,
,45,2019,11/4,DK,28953,1204-27,Option Cards,Test,9,90,60,9,7,10,
,45,2019,11/5,DK,28947,1200-013,SecureSync,Test,10,320,380,10,38,32,
,45,2019,11/4,EE,28947,1200-013,SecureSync,Assembly,10,470,74,10,7,47,
,45,2019,11/4,EE,28945,1200-013,SecureSync,Assembly,2,94,160,2,80,47,
,45,2019,11/4,EE,28959,1200-013,SecureSync,Assembly,10,470,150,0,,47,
,45,2019,11/4,KP,28852,1209-0002-0600,SecureSync,Assembly,4,188,135,4,34,47,
,45,2019,11/4,KP,28725,1200-213,SecureSync,Assembly,4,188,340,4,85,47,
,45,2019,11/4,PC,61567,1200-013,Configuration,Assembly,1,10,15,1,15,10,
,45,2019,11/4,PC,61570,1200-033,Configuration,Assembly,1,10,18,1,18,10,
,45,2019,11/4,PC,61738,1200-033,Configuration,Assembly,1,10,12,1,12,10,
,45,2019,11/4,PC,61654,1200-033,Configuration,Assembly,1,10,11,1,11,10,
,45,2019,11/4,PC,61817,1200-033,Configuration,Assembly,1,10,10,1,10,10,
,45,2019,11/4,PC,61665,1200-013,Configuration,Assembly,9,90,101,9,11,10,
,45,2019,11/4,PC,61931,1200-013,Configuration,Assembly,1,10,13,1,13,10,
,45,2019,11/4,JO,28938,1212-006X-0600,GSG,Assembly,5,450,455,5,91,90,
,45,2019,11/4,JO,28894,1200-033,SecureSync,Assembly,5,235,105,0,,47,
,45,2019,11/5,KP,28967,1191-0041-0600,Timing ,Assembly,3,24,13,3,4,8,
,45,2019,11/5,KP,28847,CA05R-MD15-0001,Cables,Assembly,18,414,450,0,,23,
,45,2019,11/5,EE,28959,1200-013,SecureSync,Assembly,10,470,494,10,49,47,
,45,2019,11/5,PC,61806,1200-033,Configuration,Assembly,1,10,12,1,12,10,
,45,2019,11/5,PC,61877,1200-013,Configuration,Assembly,6,60,48,6,8,10,
,45,2019,11/5,PC,61811,1200-013,Configuration,Assembly,1,10,10,1,10,10,
,45,2019,11/5,PC,61456,1200-003,Configuration,Assembly,1,10,6,1,6,10,
,45,2019,11/5,PC,28949,1204-32,Option Cards,Assembly,9,90,68,9,8,10,
,45,2019,11/5,PC,28965,1204-14,Option Cards,Assembly,9,90,60,9,7,10,
,45,2019,11/5,PC,28951,1204-05,Option Cards,Assembly,12,120,105,6,18,10,
,45,2019,11/5,JO,28894,1200-033,SecureSync,Assembly,5,235,120,5,24,47,
,45,2019,11/5,JO,28879,1200-001,SecureSync,Assembly,3,141,135,3,45,47,
,45,2019,11/5,JO,28942,1200-031,SecureSync,Assembly,1,47,45,1,45,47,
,45,2019,11/5,JO,28901,1200-113,SecureSync,Assembly,6,282,255,6,43,47,
,45,2019,11/5,JO,28874,1200-233,SecureSync,Assembly,3,141,15,0,,47,
,45,2019,11/6,PC,28951,1204-05,Option Cards,Assembly,6,60,60,6,10,10,
,45,2019,11/6,PC,29076,1204-05,Option Cards,Assembly,12,120,106,12,9,10,
,45,2019,11/6,PC,28963,1204-0F,Option Cards,Assembly,12,120,220,10,22,10,
,45,2019,11/6,KP,28847,CA05R-MD15-0001,Cables,Assembly,18,414,355,18,20,23,
,45,2019,11/6,KP,28897,CA05R-MD15-0001,Cables,Assembly,6,138,125,6,21,23,
,45,2019,11/6,EE,28983,1200-013,SecureSync,Assembly,10,470,500,10,50,47,
,45,2019,11/6,JO,28874,1200-233,SecureSync,Assembly,3,141,120,3,40,47,
,45,2019,11/6,JO,28941,1204-17,Option Cards,Assembly,12,120,135,12,11,10,
,45,2019,11/6,JO,28966,1204-10,Option Cards,Assembly,3,30,45,3,15,10,
,45,2019,11/6,JO,28943,1204-1C,Option Cards,Assembly,21,210,240,21,11,10,
,45,2019,11/7,EE,28960,1209-0012-0600,SecureSync,Assembly,8,376,420,0,,47,
,45,2019,11/7,JO,28821,1212-005X-0600,GSG,Assembly,10,900,510,0,,90,
,45,2019,11/7,JO,29134,1204-10,Option Cards,Assembly,5,50,60,5,12,10,
,45,2019,11/7,KP,29133,1204-13,Option Cards,Assembly,5,50,70,5,14,10,
,45,2019,11/7,KP,28964,CA05R-MD25-0001,Cables,Assembly,10,230,240,0,,23,
,45,2019,11/7,PC,28963,1204-0F,Option Cards,Assembly,30,300,30,3,10,10,
,45,2019,11/7,PC,61874,1200-213,Configuration,Assembly,5,50,35,5,7,10,
,45,2019,11/7,PC,61977,1200-003,Configuration,Assembly,2,20,10,2,5,10,
,45,2019,11/7,PC,61813,1200-011,Configuration,Assembly,2,20,15,2,8,10,
,45,2019,11/7,PC,61735,1200-113,Configuration,Assembly,6,60,30,6,5,10,
,45,2019,11/7,PC,61876,1200-031,Configuration,Assembly,1,10,14,1,14,10,
,45,2019,11/7,PC,60536,1200-033,Configuration,Assembly,1,10,11,1,11,10,
,45,2019,11/7,PC,61380,1200-233,Configuration,Assembly,1,10,15,1,15,10,
,45,2019,11/7,PC,61938,1200-213,Configuration,Assembly,1,10,10,1,10,10,
,45,2019,11/8,JO,28821,1212-005X-0600,GSG,Assembly,10,900,375,10,38,90,
,45,2019,11/8,JO,28970,1200-003,SecureSync,Assembly,8,376,195,0,,47,
,45,2019,11/8,KP,29170,1191-1001-0600,Timing ,Assembly,16,128,35,16,2,8,
,45,2019,11/8,KP,28964,CA05R-MD25-0001,Cables,Assembly,10,230,220,10,22,23,
,45,2019,11/8,KP,28958,1228-1115-3000,Option Cards,Assembly,3,30,80,3,27,10,
,45,2019,11/8,KP,28978,1200-413,SecureSync,Assembly,1,47,12,0,,47,
,45,2019,11/8,PC,61939,1200-013,Configuration,Assembly,1,10,10,1,10,10,
,45,2019,11/8,PC,61929,1200-013,Configuration,Assembly,2,20,20,2,10,10,
,45,2019,11/8,PC,29158,1200-9004-0601,SecureSync,Assembly,4,188,40,4,10,47,
,45,2019,11/8,PC,28984,1204-27,Option Cards,Assembly,18,180,285,7,41,10,
,45,2019,11/8,EE,28960,1209-0012-0600,SecureSync,Assembly,8,376,180,8,23,47,
,45,2019,11/8,EE,28980,1200-213,SecureSync,Assembly,3,141,240,0,,47,
,45,2019,11/8,DK,28963,1204-0F,Option Cards,Test,12,120,120,12,10,10,
,45,2019,11/8,DK,28943,1204-1C,Option Cards,Test,21,210,150,21,7,10,
,45,2019,11/8,DK,28960,1209-0012-0600,SecureSync,Test,8,256,120,8,15,32,
,45,2019,11/8,CS,29125,TSYNC-PCIE-9002,Timing ,Test,50,1200,225,0,,24,
,45,2019,11/8,DW,29125,TSYNC-PCIE-9002,Timing ,Test,50,1200,45,16,3,24,
,44,2019,10/28,CS,28824,1191-9000-0600,Timing ,Test,6,144,160,6,27,24,
,44,2019,10/28,CS,28778,TSYNC-PCIE-9002,Timing ,Assembly,25,200,150,25,6,8,
,44,2019,10/28,CS,28778,TSYNC-PCIE-9002,Timing ,Test,25,600,30,0,,24,
,46,2019,11/11,EE,28980,1200-213,SecureSync,Assembly,3,141,138,3,46,47,
,46,2019,11/11,EE,28976,1200-233,SecureSync,Assembly,3,141,295,3,98,47,
,46,2019,11/11,CS,29125,TSYNC-PCIE-9002,Timing ,Test,40,960,500,40,13,24,
,46,2019,11/11,DK,28995,1221-0011-0600,Timing ,Test,1,24,24,1,24,24,
,46,2019,11/11,DK,28960,1209-0012-0600,SecureSync,Test,8,256,120,8,15,32,
,46,2019,11/11,DK,28970,1200-003,SecureSync,Test,8,256,210,7,30,32,
,46,2019,11/11,PC,28984,1204-27,Option Cards,Assembly,12,120,440,12,37,10,
,46,2019,11/11,PC,61736,1200-013,Configuration,Assembly,10,100,25,2,13,10,
,46,2019,11/11,RD,29126,1204-11,Option Cards,Test,6,60,40,4,10,10,
,46,2019,11/11,RD,28978,1200-413,SecureSync,Test,1,32,25,1,25,32,
,46,2019,11/11,RD,28980,1200-213,SecureSync,Test,3,96,37,2,19,32,
,46,2019,11/11,RD,28990,1200-201,SecureSync,Test,1,32,21,1,21,32,
,46,2019,11/11,RD,29073,1200-201,SecureSync,Test,1,32,20,1,20,32,
,46,2019,11/11,RD,28976,1200-233,SecureSync,Test,3,96,40,0,,32,
,46,2019,11/11,RD,29123,1200-033,SecureSync,Test,10,320,15,0,,32,
,46,2019,11/11,JO,28970,1200-003,SecureSync,Assembly,8,376,180,8,23,47,
,46,2019,11/11,JO,29123,1200-033,SecureSync,Assembly,10,470,390,0,,47,
,46,2019,11/11,KP,28978,1200-413,SecureSync,Assembly,1,47,40,1,40,47,
,46,2019,11/11,KP,29073,1200-201,SecureSync,Assembly,1,47,68,1,68,47,
,46,2019,11/11,KP,28990,1200-201,SecureSync,Assembly,1,47,68,1,68,47,
,46,2019,11/11,KP,29122,1200-0437-0600,SecureSync,Assembly,6,282,270,0,,47,
,46,2019,11/12,KP,29122,1200-0437-0600,SecureSync,Assembly,6,282,135,6,23,47,
,46,2019,11/12,KP,28979,1209-0002-0600,SecureSync,Assembly,4,188,170,4,43,47,
,46,2019,11/12,KP,29128,1210-0002-0600,SecureSync,Assembly,6,282,140,0,,47,
,46,2019,11/12,DK,28984,1204-27,Option Cards,Assembly,18,180,240,18,13,10,
,46,2019,11/12,EE,29198,1200-233,SecureSync,Assembly,8,376,480,0,,47,
,46,2019,11/12,JO,29123,1200-033,SecureSync,Assembly,10,470,60,10,6,47,
,46,2019,11/12,JO,28992,1200-H033-0600,SecureSync,Assembly,3,141,120,3,40,47,
,46,2019,11/12,JO,29242,1200-033,SecureSync,Assembly,10,470,390,10,39,47,
,46,2019,11/12,CS,29199,TSYNC-PCIE-9002,Timing ,Test,50,1200,315,50,6,24,
,46,2019,11/12,CS,29170,1191-1001-0600,Timing ,Test,16,384,230,16,14,24,
,46,2019,11/12,RD,28976,1200-233,SecureSync,Test,3,96,85,3,28,32,
,46,2019,11/12,RD,29123,1200-033,SecureSync,Test,10,320,247,0,,32,
,46,2019,11/12,RD,29195,1204-2B,Option Cards,Test,3,30,18,3,6,10,
,46,2019,11/12,RD,29074,1204-3B,Option Cards,Test,3,30,5,0,,10,
,46,2019,11/12,RD,29122,1200-0437-0600,SecureSync,Test,6,192,150,6,25,32,
,46,2019,11/12,RD,28974,1209-0002-0600,SecureSync,Test,4,128,65,0,,32,
,46,2019,11/13,CS,29199,TSYNC-PCIE-9002,Timing ,Assembly,50,400,510,0,,8,
,46,2019,11/13,RD,28979,1209-0002-0600,SecureSync,Test,4,128,100,4,25,32,
,46,2019,11/13,RD,29129,1200-313,SecureSync,Test,1,32,18,1,18,32,
,46,2019,11/13,RD,29242,1200-003,SecureSync,Test,10,320,105,0,,32,
,46,2019,11/13,RD,29124,1204-32,Option Cards,Test,12,120,20,0,,10,
,46,2019,11/13,RD,29198,1200-233,SecureSync,Test,8,256,5,0,,32,
,46,2019,11/13,KP,29128,1210-0002-0600,SecureSync,Assembly,6,282,65,6,11,47,
,46,2019,11/13,KP,29129,1200-313,SecureSync,Assembly,1,47,42,1,42,47,
,46,2019,11/13,KP,29252,1200-011,SecureSync,Assembly,10,470,135,0,,47,
,46,2019,11/13,PC,61736,1200-013,Configuration,Assembly,8,80,80,8,10,10,
,46,2019,11/13,PC,29159,1209-0003-0600,SecureSync,Assembly,4,188,30,4,8,47,
,46,2019,11/13,PC,29171,1209-0001-0601,SecureSync,Assembly,1,47,9,1,9,47,
,46,2019,11/13,PC,62095,1200-003,Configuration,Assembly,1,10,7,1,7,10,
,46,2019,11/13,PC,62133,1200-003,Configuration,Assembly,2,20,10,2,5,10,
,46,2019,11/13,PC,61948,1200-013,Configuration,Assembly,1,10,7,1,7,10,
,46,2019,11/13,PC,61736,1200-013,Configuration,Assembly,1,10,10,1,10,10,
,46,2019,11/13,EE,29198,1200-233,SecureSync,Assembly,8,376,270,8,34,47,
,46,2019,11/13,EE,28996,1200-011,SecureSync,Assembly,10,470,175,0,,47,
,46,2019,11/13,JO,29250,1200-033,SecureSync,Assembly,10,470,435,10,44,47,
,46,2019,11/13,JO,29124,1204-32,Option Cards,Assembly,12,120,90,12,8,10,
,46,2019,11/13,JO,29201,1212-005X-0600,GSG,Assembly,10,900,45,0,,90,
,46,2019,11/14,EE,28996,1200-011,SecureSync,Assembly,10,470,195,10,20,47,
,46,2019,11/14,EE,29251,1200-013,SecureSync,Assembly,10,470,275,0,,47,
,46,2019,11/14,CS,29199,TSYNC-PCIE-9002,Timing ,Test,50,1200,170,50,3,24,
,46,2019,11/14,JO,29201,1212-005X-0600,GSG,Assembly,10,900,570,0,,90,
,46,2019,11/14,DK,28128,1210-0002-0600,SecureSync,Test,6,192,180,6,30,32,
,46,2019,11/14,DK,28250,1200-033,SecureSync,Test,10,320,210,10,21,32,
,46,2019,11/14,RD,28992,1200-H033-0600,SecureSync,Test,3,96,85,3,28,32,
,46,2019,11/14,RD,29198,1200-233,SecureSync,Test,8,256,150,5,30,32,
,46,2019,11/14,RD,29242,1200-033,SecureSync,Test,10,320,60,10,6,32,
,46,2019,11/14,RD,29124,1204-32,Option Cards,Test,12,120,60,12,5,10,
,46,2019,11/14,RD,29252,1200-011,SecureSync,Test,10,320,100,0,,32,
,46,2019,11/14,KP,29252,1200-011,SecureSync,Assembly,10,470,210,10,21,47,
,46,2019,11/14,KP,28993,1200-113,SecureSync,Assembly,5,235,260,0,,47,
,48,2019,11/26,PC,29523,PS06R-2Z1M-DT01,Kits,Assembly,10,50,360,10,36,5,
,49,2019,12/7,RD,29536,1204-24,Option Cards,Test,3,30,20,3,7,10,
,49,2019,12/7,RD,29695,1204-04,Option Cards,Test,6,60,40,6,7,10,
,49,2019,12/7,RD,29471,1204-05,Option Cards,Test,12,120,75,12,6,10,
,49,2019,12/7,RD,29453,1204-0F,Option Cards,Test,12,120,33,12,3,10,
,49,2019,12/7,RD,29468,1204-1E,Option Cards,Test,15,150,76,15,5,10,
,50,2019,12/10,EE,29542,1200-013,SecureSync,Assembly,10,470,393,10,39,47,
,50,2019,12/10,EE,29792,1200-013,SecureSync,Assembly,11,517,,0,,47,
,50,2019,12/9,JO,29691,1200-023,SecureSync,Assembly,10,470,420,10,42,47,
,50,2019,12/9,JO,29534,1200-033,SecureSync,Assembly,8,376,270,8,34,47,
,50,2019,12/9,JO,29872,1200-0437-0600,SecureSync,Assembly,8,376,30,0,,47,
,50,2019,12/9,DK,29548,1200-023,SecureSync,Test,2,64,150,2,75,32,
,50,2019,12/9,DK,29742,1204-05,Option Cards,Test,12,120,150,12,13,10,
,49,2019,12/7,EE,29526,1200-213,SecureSync,Assembly,10,470,322,10,32,47,
,49,2019,12/7,EE,29466,1200-031,SecureSync,Assembly,10,470,81,0,,47,
,45,2019,11/7,DK,29404,1204-06,Option Cards,Test,24,240,210,24,9,10,
,45,2019,11/7,DK,29543,1200-023,SecureSync,Test,6,192,150,6,25,32,
,45,2019,11/7,DK,29548,1200-031,SecureSync,Test,5,160,60,3,20,32,
,45,2019,11/6,DK,29789,1200-011,SecureSync,Test,6,192,270,6,45,32,
,45,2019,11/6,DK,29537,1204-19,Option Cards,Test,3,30,30,3,10,10,
,45,2019,11/6,DK,29412,1204-15,Option Cards,Test,21,210,180,21,9,10,
,45,2019,11/6,DK,29395,1204-32,Option Cards,Test,9,90,60,9,7,10,
,49,2019,12/6,KP,29412,1204-15,Option Cards,Assembly,21,210,78,21,4,10,
,49,2019,12/6,KP,29543,1200-023,SecureSync,Assembly,6,282,30,0,,47,
,49,2019,12/6,KP,29683,1204-30,Option Cards,Assembly,3,30,24,3,8,10,
,49,2019,12/6,KP,29543,1200-023,SecureSync,Assembly,6,282,180,6,30,47,
,49,2019,12/6,KP,29548,1200-031,SecureSync,Assembly,5,235,113,0,,47,
,49,2019,12/7,KP,29548,1200-031,SecureSync,Assembly,5,235,122,5,24,47,
,49,2019,12/7,KP,29745,1228-0110,Versasync/PNT,Assembly,1,18,32,1,32,18,
,49,2019,12/7,KP,29696,1228-0110,Versasync/PNT,Assembly,15,270,300,0,,18,
,49,2019,12/7,JO,29464,1204-101,Option Cards,Assembly,21,210,255,21,12,10,
,49,2019,12/7,JO,29684,1204-13,Option Cards,Assembly,15,150,270,15,18,10,
,49,2019,12/6,JO,29453,1204-0F,Option Cards,Assembly,12,120,60,12,5,10,
,49,2019,12/6,JO,29537,1204-19,Option Cards,Assembly,3,30,60,3,20,10,
,49,2019,12/6,JO,29401,1204-17,Option Cards,Assembly,18,180,180,18,10,10,
,49,2019,12/6,JO,2968,1204-1E,Option Cards,Assembly,15,150,180,15,12,10,
,49,2019,12/6,JO,29471,1204-05,Option Cards,Assembly,12,120,75,12,6,10,
,49,2019,12/6,JO,29464,1204-1C,Option Cards,Assembly,21,210,45,0,,10,
,49,2019,12/5,CS,29690,TSYNC-PCIE-9002,Timing ,Test,25,600,165,25,7,24,
,49,2019,12/5,CS,29687,TSYNC-PCIE-9002,Timing ,Test,25,600,360,25,14,24,
,,2019,12/5,KP,29441,1200-053,Option Cards,Assembly,9,90,65,7,9,10,
,49,2019,12/5,KP,29412,1204-15,Option Cards,Assembly,21,210,15,0,,10,
,49,2019,12/5,KP,29435,1204-10,Option Cards,Assembly,3,30,22,3,7,10,
,49,2019,12/5,KP,29443,1204-29,Option Cards,Assembly,3,30,67,3,22,10,
,49,2019,12/5,KP,29412,1204-15,Option Cards,Assembly,21,210,188,12,16,10,
,49,2019,12/5,JO,29436,1212-006X-2000,GSG,Assembly,8,720,60,8,8,90,
,49,2019,12/5,JO,294201,1204-18,Option Cards,Assembly,9,90,120,9,13,10,
,49,2019,12/5,JO,29402,1204-28,Option Cards,Assembly,6,60,105,6,18,10,
,49,2019,12/5,JO,29422,1204-25,Option Cards,Assembly,3,30,90,3,30,10,
,49,2019,12/5,JO,29524,1204-18,Option Cards,Assembly,9,90,90,9,10,10,
,49,2019,12/5,JO,29395,1204-32,Option Cards,Assembly,9,90,60,9,7,10,
,49,2019,12/5,JO,29453,1204-0F,Option Cards,Assembly,12,120,75,0,,10,
,49,2019,12/5,EE,29789,1200-011,SecureSync,Assembly,6,282,127,6,21,47,
,49,2019,12/5,EE,29682,1200-313,SecureSync,Assembly,4,188,318,4,80,47,
,49,2019,12/5,EE,29526,1200-213,SecureSync,Assembly,10,470,79,0,,47,
,49,2019,12/5,DK,29441,1200-053,SecureSync,Test,9,288,270,9,30,32,
,49,2019,12/5,RD,29454,1200-051,SecureSync,Test,3,96,75,3,25,32,
,49,2019,12/5,RD,29443,1204-29,Option Cards,Test,3,30,30,3,10,10,
,49,2019,12/5,RD,29524,1204-18,Option Cards,Test,9,90,55,9,6,10,
,49,2019,12/5,RD,29422,1204-25,Option Cards,Test,3,30,45,2,23,10,
,49,2019,12/4,CS,29396/29400,TSYNC-PCIE-9002,Timing ,Test,50,1200,190,50,4,24,
,49,2019,12/4,CS,29472,1191-1002-0600,Timing ,Test,2,48,20,2,10,24,
,49,2019,12/4,CS,29413,1191-2002,Timing ,Test,1,24,20,1,20,24,
,49,2019,12/4,CS,29451,1191-1001-0600,Timing ,Test,10,240,130,10,13,24,
,49,2019,12/4,CS,29690,TSYNC-PCIE-9002,Timing ,Test,25,600,115,0,,24,
,49,2019,12/4,EE,29457,1200-013,SecureSync,Assembly,10,470,249,10,25,47,
,49,2019,12/4,EE,29454,1200-051,SecureSync,Assembly,3,141,219,3,73,47,
,49,2019,12/4,EE,29789,1200-011,SecureSync,Assembly,6,282,94,0,,47,
,49,2019,12/4,KP,29473,1228-2114-3000,Versasync/PNT,Assembly,2,36,14,2,7,18,
,49,2019,12/4,KP,29750,1228-1115-9001,Versasync/PNT,Assembly,3,54,95,3,32,18,
,49,2019,12/4,KP,29941,1200-053,SecureSync,Assembly,9,423,225,2,113,47,
,49,2019,12/4,JO,29436,1212-006X-2000,GSG,Assembly,8,720,630,0,,90,
,49,2019,12/4,DK,29456,1200-011,SecureSync,Test,8,256,180,8,23,32,
,49,2019,12/4,DK,29457,1200-013,SecureSync,Test,10,320,255,10,26,32,
,49,2019,12/4,RD,29438,1200-011,SecureSync,Test,10,320,140,5,28,32,
,49,2019,12/4,RD,29414,1200-003,SecureSync,Test,8,256,105,1,105,32,
,49,2019,12/4,RD,29454,1200-051,SecureSync,Test,3,96,50,0,,32,
,49,2019,12/3,RD,29417,1200-011,SecureSync,Test,10,320,15,0,,32,
,49,2019,12/3,RD,29417,1200-011,SecureSync,Test,10,320,90,10,9,32,
,49,2019,12/3,RD,29432,1200-233,SecureSync,Test,4,128,80,4,20,32,
,49,2019,12/3,RD,29414,1200-003,SecureSync,Test,8,256,10,8,1,32,
,49,2019,12/3,JO,29456,1200-011,SecureSync,Assembly,10,470,120,10,12,47,
,49,2019,12/3,JO,29414,1200-003,SecureSync,Assembly,8,376,315,8,39,47,
,49,2019,12/3,JO,29436,1212-006X-2000,GSG,Assembly,8,720,60,0,,90,
,49,2019,12/3,EE,29438,1200-011,SecureSync,Assembly,10,470,170,10,17,47,
,49,2019,12/3,EE,29457,1200-013,SecureSync,Assembly,10,470,245,0,,47,
,49,2019,12/3,KP,29403,1204-1F,Option Cards,Assembly,12,120,30,12,3,10,
,49,2019,12/3,KP,29525,1186-6002-0600,Timing ,Assembly,1,8,17,1,17,8,
,49,2019,12/3,KP,29418,CA05R-MD15-0001,Cables,Assembly,6,138,338,6,56,23,
,49,2019,12/3,DK,29431,1204-0F,Option Cards,Test,12,120,120,12,10,10,
,49,2019,12/3,DK,29419,1204-27,Option Cards,Test,16,160,180,11,16,10,
,49,2019,12/3,DK,29456,1200-11,SecureSync,Test,10,320,30,2,15,32,
,49,2019,12/3,CS,19396/29400,TSYNC-PCIE-9002,Timing ,Test,50,1200,540,0,,24,
,49,2019,12/2,RD,29417,1200-011,SecureSync,Test,10,320,70,0,,32,
,49,2019,12/2,RD,29432,1200-233,SecureSync,Test,4,128,5,0,,32,
,48,2019,11/26,RD,29434,1186-3001-0600,Timing ,Test,13,312,340,13,26,24,
,48,2019,11/26,RD,29394,1200-003,SecureSync,Test,1,32,20,1,20,32,
,49,2019,12/2,CS,29396/29400,TSYNC-PCIE-9002,Timing ,Test,50,1200,360,50,7,24,
,49,2019,12/2,CS,29472,1191-1002-0600,Timing ,Test,2,48,15,2,8,24,
,49,2019,12/2,CS,29393/29400,TSYNC-PCIE-9002,Timing ,Test,50,1200,75,0,,24,
,49,2019,12/2,DK,29442,1200-203,SecureSync,Test,2,64,60,2,30,32,
,49,2019,12/2,DK,29437,1200-413,SecureSync,Test,1,32,30,1,30,32,
,49,2019,12/2,DK,29379,1204-1F,Option Cards,Test,12,120,240,11,22,10,
,49,2019,12/2,EE,29432,1200-233,SecureSync,Assembly,4,188,180,4,45,47,
,49,2019,12/2,EE,29438,1200-011,SecureSync,Assembly,10,470,310,0,,47,
,49,2019,12/2,JO,29440,1212-005X-2000,GSG,Assembly,10,900,300,10,30,90,
,49,2019,12/2,JO,29456,1200-011,SecureSync,Assembly,10,470,270,0,,47,
,48,2019,11/29,KP,29413,1191-2002,Timing ,Assembly,1,8,10,10,1,8,
,48,2019,11/29,KP,29404,1204-06,Option Cards,Assembly,24,240,50,50,1,10,
,48,2019,11/29,KP,29403,1204-1F,Option Cards,Assembly,12,120,0,0,,10,
,48,2019,11/26,KP,29367,1200-9058,SecureSync,Assembly,3,141,70,3,23,47,
,48,2019,11/26,KP,29415,1204-04,Option Cards,Assembly,3,30,60,3,20,10,
,48,2019,11/26,KP,29442,1200-203,SecureSync,Assembly,2,94,105,3,35,47,
,48,2019,11/26,DK,29397,1200-013,SecureSync,Test,10,320,300,10,30,32,
,48,2019,11/26,EE,29397,1200-013,SecureSync,Assembly,10,470,80,2,40,47,
,48,2019,11/26,EE,29437,1200-413,SecureSync,Assembly,1,47,250,1,250,47,
,48,2019,11/26,EE,29417,1200-011,SecureSync,Assembly,10,470,255,3,85,47,
,48,2019,11/27,EE,29417,1200-233,SecureSync,Assembly,10,470,170,7,24,47,
,48,2019,11/27,EE,29432,1200-233,SecureSync,Assembly,4,188,77,0,,47,
,48,2019,11/26,JO,29440,1212-005X-0600,GSG,Assembly,10,900,435,0,,90,
,48,2019,11/27,JO,29440,1212-005X-0600,GSG,Assembly,10,900,225,0,,90,
,48,2019,11/25,DK,29376,1200-011,SecureSync,Test,10,320,180,10,18,32,
,48,2019,11/25,DK,29434,1200-003,SecureSync,Test,8,256,210,8,26,32,
,48,2019,11/25,EE,29376,1200-011,SecureSync,Assembly,1,47,34,1,34,47,
,48,2019,11/25,EE,29397,1200-013,SecureSync,Assembly,10,470,360,8,45,47,
,48,2019,11/25,KP,29394,1200-003,SecureSync,Assembly,8,376,120,8,15,47,
,48,2019,11/25,KP,29430,1204-3E,Option Cards,Assembly,3,30,22,3,7,10,
,48,2019,11/25,KP,29367,1200-9058-0600,SecureSync,Assembly,3,141,250,0,,47,
,48,2019,11/25,JO,29463/29371,1169-TXFO-0600,Timing ,Assembly,22,176,570,22,26,8,
,47,2019,11/22,DK,29398,1200-213,SecureSync,Test,5,160,120,5,24,32,
,47,2019,11/22,DK,29368,1200-H003,SecureSync,Test,3,96,90,3,30,32,
,47,2019,11/22,DK,29421,1200-223,SecureSync,Test,2,64,90,1,90,32,
,47,2019,11/22,EE,29376,1200-011,SecureSync,Assembly,10,470,280,9,31,47,
,47,2019,11/22,KP,29421,1200-223,SecureSync,Assembly,2,94,70,2,35,47,
,47,2019,11/22,KP,29394,1200-003,SecureSync,Assembly,8,376,125,0,,47,
,47,2019,11/22,KP,29434,1186-3001,Timing ,Assembly,13,104,40,13,3,8,
,47,2019,11/22,KP,29394,1200-003,SecureSync,Assembly,8,376,190,0,,47,
,47,2019,11/21,EE,29369,1200-011,SecureSync,Assembly,4,188,60,4,15,47,
,47,2019,11/21,EE,29376,1200-011,SecureSync,Assembly,10,470,240,0,,47,
,47,2019,11/21,KP,29378,1200-133,SecureSync,Assembly,1,47,10,1,10,47,
,47,2019,11/21,KP,29368,1200-H003,SecureSync,Assembly,3,141,135,3,45,47,
,47,2019,11/21,KP,29398,1200-213,SecureSync,Assembly,5,235,40,5,8,47,
,47,2019,11/21,KP,29421,1200-223,SecureSync,Assembly,2,94,20,0,,47,
,47,2019,11/21,JO,29331,1200-413,SecureSync,Assembly,5,235,120,5,24,47,
,47,2019,11/21,JO,29377,1186-3001-0600,Timing ,Assembly,13,104,13,13,1,8,
,47,2019,11/21,JO,29398,1200-213,SecureSync,Assembly,5,235,195,0,,47,
,47,2019,11/21,CS,29328,1200-233,SecureSync,Test,4,128,85,4,21,32,
,47,2019,11/21,CS,29291,1209-0002-0600,SecureSync,Test,4,128,85,4,21,32,
,47,2019,11/21,CS,29378,1200-133,SecureSync,Test,1,32,15,1,15,32,
,47,2019,11/21,CS,29331,1200-413,SecureSync,Test,5,160,65,5,13,32,
,47,2019,11/21,CS,29369,1200-011,SecureSync,Test,10,320,140,9,16,32,
,47,2019,11/21,DK,29276,1204-1E,Option Cards,Test,15,150,150,15,10,10,
,47,2019,11/21,DK,29325,1204-27,Option Cards,Test,18,180,150,18,8,10,
,47,2020,11/20,JO,29292,1204-17,Option Cards,Assembly,6,60,90,6,15,10,
,47,2020,11/20,JO,29328,1200-23,SecureSync,Assembly,4,188,180,4,45,47,
,47,2020,11/20,JO,29331,1200-413,SecureSync,Assembly,5,235,150,0,,47,
,47,2020,11/20,KP,29271,CA01-0NSA-2050,Cables,Assembly,16,368,30,16,2,23,
,47,2020,11/20,KP,29405,1204-2F,Option Cards,Assembly,2,20,40,2,20,10,
,47,2020,11/20,KP,29291,1209-0002,SecureSync,Assembly,4,188,220,4,55,47,
,47,2020,11/20,KP,29378,1200-133,SecureSync,Assembly,1,47,60,1,60,47,
,47,2020,11/20,EE,29369,1200-011,SecureSync,Assembly,10,470,420,6,70,47,
,47,2020,11/20,DK,29290,1204-18,Option Cards,Test,6,60,60,6,10,10,
,47,2020,11/20,DK,29293,1204-15,Option Cards,Test,21,210,130,21,6,10,
,47,2020,11/20,DK,29289,1204-27,Option Cards,Test,18,180,150,18,8,10,
,47,2020,11/20,DK,29405,1204-2F,Option Cards,Test,2,20,15,2,8,10,
,47,2020,11/20,DK,28399,1204-3B,Option Cards,Test,3,30,60,3,20,10,
,47,2020,11/20,CS,29329,1200-011,SecureSync,Test,5,160,100,4,25,32,
,47,2020,11/20,CS,29275,1200-053,SecureSync,Test,3,96,40,3,13,32,
,47,2020,11/20,CS,29292,1204-17,Option Cards,Test,6,60,30,6,5,10,
,47,2019,11/18,EE,29329,1200-011,SecureSync,Assembly,10,470,300,7,43,47,
,47,2019,11/19,JO,29276,1204-1E,Option Cards,Assembly,15,150,240,15,16,10,
,47,2019,11/19,JO,29325,1204-27,Option Cards,Assembly,18,180,180,18,10,10,
,47,2019,11/19,JO,29290,1204-18,Option Cards,Assembly,6,60,90,6,15,10,
,47,2019,11/19,JO,29292,1204-17,Option Cards,Assembly,6,60,30,0,,10,
,47,2019,11/19,DK,29196,1204-27,Option Cards,Test,18,180,150,18,8,10,
,47,2019,11/19,DK,29121,1204-1E,Option Cards,Test,15,150,150,15,10,10,
,47,2019,11/19,DK,29278,1204-0F,Option Cards,Test,3,30,30,3,10,10,
,47,2019,11/19,DK,29281,1204-32,Option Cards,Test,9,90,90,9,10,10,
,47,2019,11/19,CS,29323,1200-013,SecureSync,Test,10,320,170,10,17,32,
,47,2019,11/19,CS,29324,1200-223,SecureSync,Test,1,32,15,1,15,32,
,47,2019,11/19,CS,29327,1200-031,SecureSync,Test,4,128,60,4,15,32,
,47,2019,11/19,CS,29329,1200-011,SecureSync,Test,10,320,135,5,27,32,
,47,2019,11/19,KP,29327,1200-031,SecureSync,Assembly,4,188,125,4,31,47,
,47,2019,11/19,KP,29329,1200-011,SecureSync,Assembly,10,470,140,10,14,47,
,47,2019,11/19,KP,29275,1200-053,SecureSync,Assembly,3,141,170,3,57,47,
,47,2019,11/19,RD,29280,1200-011,SecureSync,Test,10,320,182,7,26,32,
,47,2019,11/18,RD,29248,1200-113,SecureSync,Test,6,192,105,6,18,32,
,47,2019,11/18,RD,29322,1210-0002-0600,SecureSync,Test,5,160,20,1,20,32,
,47,2019,11/18,RD,29322,1210-0002-0600,SecureSync,Test,5,160,135,4,34,32,
,47,2019,11/18,JO,29280,1200-011,SecureSync,Assembly,10,470,150,10,15,47,
,47,2019,11/18,JO,29322,1210-0002-0600,SecureSync,Assembly,5,235,150,5,30,47,
,47,2019,11/18,JO,29293,1204-15,Option Cards,Assembly,21,210,195,21,9,10,
,47,2019,11/18,JO,29289,1204-27,Option Cards,Assembly,18,180,195,18,11,10,
,47,2019,11/18,CS,29253,1200-013,SecureSync,Test,10,320,125,8,16,32,
,47,2019,11/18,CS,29160,1200-233,SecureSync,Test,10,320,215,10,22,32,
,47,2019,11/18,CS,29253,1200-013,SecureSync,Test,2,64,30,2,15,32,
,47,2019,11/18,CS,29323,1200-013,SecureSync,Test,10,320,75,0,,32,
,47,2019,11/18,KP,29248,1200-113,SecureSync,Assembly,6,282,50,6,8,47,
,47,2019,11/18,KP,29075,1228-0110,Versasync/PNT,Assembly,2,36,35,2,18,18,
,47,2019,11/18,KP,29294,1228-1410,Versasync/PNT,Assembly,4,72,125,4,31,18,
,47,2019,11/18,KP,29324,1200-223,SecureSync,Assembly,1,47,45,1,45,47,
,47,2019,11/18,KP,29327,1200-031,SecureSync,Assembly,4,188,25,0,,47,
,47,2019,11/18,DK,29282,1204-1C,Option Cards,Test,21,210,120,21,6,10,
,47,2019,11/18,DK,29167,1204-15,Option Cards,Test,21,210,150,21,7,10,
,47,2019,11/18,DK,29281,1204-32,Option Cards,Test,0,0,60,0,,10,
,47,2019,11/18,DK,29197,1204-01,Option Cards,Test,12,120,75,12,6,10,
,47,2019,11/18,DK,29247,1204-0F,Option Cards,Test,6,60,40,6,7,10,
,46,2019,11/15,DK,28996,1200-011,SecureSync,Test,10,320,240,10,24,32,
,46,2019,11/15,DK,29251,1200-013,SecureSync,Test,10,320,210,10,21,32,
,46,2019,11/14,CS,29199/29200,TSYNC-PCIE-9002,Timing ,Test,50,1200,140,0,,24,
,46,2019,11/14,CS,29160,1200-233,SecureSync,Test,10,320,150,10,15,32,
,46,2019,11/15,RD,28993,1200-113,SecureSync,Test,5,160,100,5,20,32,
,46,2019,11/15,RD,28993,1200-011,SecureSync,Test,10,320,97,9,11,32,
,46,2019,11/15,RD,29166,2406-033,SecureSync,Test,2,64,95,2,48,32,
,46,2019,11/15,JO,29201,1212-005X-0600,GSG,Assembly,10,900,210,10,21,90,
,46,2019,11/15,JO,29197,1204-01,Option Cards,Assembly,12,120,60,12,5,10,
,46,2019,11/15,JO,29281,1204-32,Option Cards,Assembly,9,90,30,9,,10,
,46,2019,11/15,JO,29247,1204-0F,Option Cards,Assembly,6,60,30,6,5,10,
,46,2019,11/15,JO,29278,1204-0F,Option Cards,Assembly,3,30,30,3,10,10,
,46,2019,11/15,JO,29282,1204-1C,Option Cards,Assembly,21,210,150,21,7,10,
,46,2019,11/15,JO,29160,1200-233,SecureSync,Assembly,10,470,60,0,,47,
,46,2019,11/16,JO,29160,1200-233,SecureSync,Assembly,10,470,150,10,15,47,
,46,2019,11/16,JO,29250,1200-011,SecureSync,Assembly,10,470,150,0,,47,
,46,2019,11/16,EE,29323,1200-013,SecureSync,Assembly,10,470,240,10,24,47,
,46,2019,11/15,EE,29251,1200-013,SecureSync,Assembly,10,470,180,10,18,47,
,46,2019,11/15,EE,29323,1200-013,SecureSync,Assembly,10,470,255,0,,47,
,46,2019,11/16,KP,29253,1200-013,SecureSync,Assembly,10,470,210,10,21,47,
,46,2019,11/15,KP,28993,1200-113,SecureSync,Assembly,5,235,30,5,6,47,
,46,2019,11/15,KP,29167,1204-15,Option Cards,Assembly,21,210,300,21,14,10,
,46,2019,11/15,KP,29253,1200-013,SecureSync,Assembly,10,470,130,0,,47,
,1,2020,1/3,PC,63046,1200-201,Configuration,Assembly,2,20,22,2,11,10,
,1,2020,1/3,PC,63045,1200-023,Configuration,Assembly,3,30,51,3,17,10,
,1,2020,1/3,PC,63799,1200-033,Configuration,Assembly,2,20,20,2,10,10,
,1,2020,1/2,KP,30071,1204-02,Option Cards,Assembly,12,120,152,12,13,10,
,1,2020,1/2,KP,30073,1204-15,Option Cards,Assembly,12,120,207,12,17,10,
,1,2020,1/2,KP,30067,1204-06,Option Cards,Assembly,24,240,48,24,2,10,
,1,2020,1/2,KP,30068,1204-1F,Option Cards,Assembly,12,120,69,12,6,10,
,1,2020,1/3,KP,30069,1204-21,Option Cards,Assembly,6,60,162,6,27,10,
,1,2020,1/3,KP,30040,1204-29,Option Cards,Assembly,6,60,52,0,,10,
,1,2020,1/2,EE,29988,1200-013,SecureSync,Assembly,10,470,470,10,47,47,
,1,2020,1/2,EE,30074,1204-14,Option Cards,Assembly,9,90,35,9,4,10,
,1,2020,1/2,EE,30076,1204-08,Option Cards,Assembly,9,90,24,9,3,10,
,1,2020,1/2,EE,29983,1200-233,SecureSync,Assembly,2,94,220,2,110,47,
,1,2020,1/2,CS,29945,1191-1001-0600,Timing ,Test,16,384,197,16,12,24,
,1,2020,1/2,CS,29941,1200-033,SecureSync,Test,10,320,90,0,,32,
,1,2020,1/3,CS,29943,1200-003,SecureSync,Test,5,160,79,5,16,32,
,1,2020,1/3,CS,29988,1200-013,SecureSync,Test,10,320,189,10,19,32,
,2,2020,1/6,PC,63093,1200-021,Configuration,Assembly,1,10,12,1,12,10,
,2,2020,1/6,PC,64127,1200-011,Configuration,Assembly,1,10,26,1,26,10,
,2,2020,1/6,PC,63199,1200-023,Configuration,Assembly,1,10,6,1,6,10,
,2,2020,1/6,PC,30168,1200-9004-0601,Configuration,Assembly,4,40,42,4,11,10,
,2,2020,1/6,PC,30160,1209-0002-0601,Configuration,Assembly,6,60,78,6,13,10,
,2,2020,1/6,KP,30040,1204-29,Option Cards,Assembly,6,60,111,6,19,10,
,2,2020,1/6,KP,30158,1191-1002,Option Cards,Assembly,13,130,94,13,7,10,
,2,2020,1/6,KP,30072,1204-05,Option Cards,Assembly,12,120,133,12,11,10,
,2,2020,1/6,KP,30038,1204-10,Option Cards,Assembly,6,60,1,0,,10,
,2,2020,1/6,RD,30024,1209-0012-0600,SecureSync,Test,8,256,45,8,6,32,
,2,2020,1/6,RD,29942,1200-023,SecureSync,Test,10,320,156,10,16,32,
,2,2020,1/10,DK,29430,1204-3E,Timing ,Test,3,72,70,3,23,24,
,2,2020,1/10,DK,30217,1219-0020-0600,Timing ,Test,1,,1,1,1,24,
,2,2020,1/6,EE,29985,1200-013,SecureSync,Assembly,10,470,521,7,74,47,
,2,2020,1/7,CS,29983,1200-233,SecureSync,Test,2,64,50,2,25,32,
,2,2020,1/7,CS,30067,1204-06,Option Cards,Test,24,240,68,24,3,10,
,2,2020,1/7,PC,30169,1209-0004-0601,Configuration,Assembly,3,30,32,3,11,10,
,2,2020,1/7,PC,63999,1200-003,Configuration,Assembly,1,10,14,1,14,10,
,2,2020,1/7,PC,63134,1200-003,Configuration,Assembly,1,10,29,1,29,10,
,2,2020,1/7,PC,63151,1200-003,Configuration,Assembly,1,10,6,1,6,10,
,2,2020,1/7,PC,63923,1200-013,Configuration,Assembly,1,10,5,1,5,10,
,2,2020,1/7,PC,62702,1200-013,Configuration,Assembly,2,20,41,2,21,10,
,2,2020,1/7,PC,63161,1200-013,Configuration,Assembly,2,20,18,2,9,10,
,2,2020,1/7,PC,63763,1200-003,Configuration,Assembly,1,10,11,1,11,10,
,2,2020,1/7,PC,63308,1200-003,Configuration,Assembly,3,30,18,3,6,10,
,2,2020,1/7,PC,64143,1200-003,Configuration,Assembly,2,20,16,2,8,10,
,2,2020,1/7,PC,63896,1200-003,Configuration,Assembly,1,10,19,1,19,10,
,2,2020,1/7,PC,62660,1200-013,Configuration,Assembly,9,90,45,5,9,10,
,2,2020,1/7,PC,62660,1200-013,Configuration,Assembly,4,40,46,4,12,10,
,3,2020,1/16,RD,30149,1210-0002-0600,SecureSync,Test,5,160,163,5,33,32,
,3,2020,1/16,RD,30161,1200-003,SecureSync,Test,8,256,25,2,13,32,
,3,2020,1/16,RD,30173,1200-213,SecureSync,Test,10,320,20,0,,32,
,3,2020,1/16,RD,30162,1209-0002-0601,SecureSync,Test,4,128,59,4,15,32,
,3,2020,1/16,RD,30149,1210-0002-0600,SecureSync,Test,5,160,111,5,22,32,
,3,2020,1/16,RD,30161,1200-003,SecureSync,Test,8,256,115,5,23,32,
,3,2020,1/16,RD,30131,1209-0012-0600,SecureSync,Test,10,320,10,1,10,32,
,3,2020,1/16,RD,30131,1209-0012-0600,SecureSync,Test,10,320,96,5,19,32,
,3,2020,1/16,RD,30142,1200-0017-0600,SecureSync,Test,2,64,23,2,12,32,
,3,2020,1/16,RD,30136,1200-231,SecureSync,Test,1,32,34,1,34,32,
,3,2020,1/16,RD,30146,1200-013,SecureSync,Test,10,320,19,1,19,32,
,3,2020,1/16,RD,30150,1200-001,SecureSync,Test,4,128,54,3,18,32,
,3,2020,1/16,RD,finals,FYI FOR 0601,SecureSync,Test,26,832,165,26,6,32,
,3,2020,1/16,RD,30131,1209-0012-0600,SecureSync,Test,10,320,78,4,20,32,
,3,2020,1/16,RD,30147,1200-201,SecureSync,Test,6,192,20,0,,32,
,3,2020,1/16,RD,30147,1200-201,SecureSync,Test,6,192,112,6,19,32,
,3,2020,1/16,RD,30148,1204-29,SecureSync,Test,9,288,30,9,3,32,
,3,2020,1/16,RD,30131,1209-0012-0600,SecureSync,Test,10,320,39,0,,32,
,3,2020,1/16,RD,30142,1200-0017-0600,SecureSync,Test,2,64,19,0,,32,
,3,2020,1/16,RD,30136,1200-231,SecureSync,Test,1,32,14,0,,32,
,3,2020,1/16,RD,30145,1200-0227-0600,SecureSync,Test,7,224,160,6,27,32,
,3,2020,1/16,RD,30141,1200-413,SecureSync,Test,1,32,18,1,18,32,
,3,2020,1/16,RD,29525,1186-6002-0600,Timing ,Test,1,24,55,1,55,24,
,3,2020,1/16,PC,30070,1204-1C,Option Cards,Assembly,19,,83,6,14,10,
,3,2020,1/16,PC,63519,1200-013,Configuration,Assembly,1,10,8,1,8,10,
,3,2020,1/16,PC,62949,1200-033,Configuration,Assembly,1,10,11,1,11,10,
,3,2020,1/16,PC,30070,1204-1C,Option Cards,Assembly,10,100,208,10,21,10,
,3,2020,1/16,PC,30223,PS06R-2Z1M-DT01  30223,Kits,Assembly,5,,120,5,24,5,
,3,2020,1/16,PC,30290,1209-0004-0601,Configuration,Assembly,1,10,12,1,12,10,
,3,2020,1/16,PC,63314,1200-201,Configuration,Assembly,6,60,64,6,11,10,
,3,2020,1/16,PC,63911,1200-413,Configuration,Assembly,1,10,12,1,12,10,
,3,2020,1/16,PC,30171,1200-0750-0500,Configuration,Assembly,3,30,37,3,12,10,
,3,2020,1/16,PC,30227,1204-1D,Option Cards,Assembly,6,60,24,6,4,10,
,3,2020,1/16,PC,30285,1204-17,Option Cards,Assembly,3,30,75,3,25,10,
,3,2020,1/16,PC,30174,1204-09,Option Cards,Assembly,6,60,134,6,22,10,
,3,2020,1/16,PC,30300,1200-0702-0500,Configuration,Assembly,1,10,15,1,15,10,
,3,2020,1/16,PC,30288,1209-0001-0601,Configuration,Assembly,1,10,10,1,10,10,
,3,2020,1/16,PC,64211,1200-003,Configuration,Assembly,2,20,15,2,8,10,
,3,2020,1/16,PC,30182,1200-9093-0601,Option Cards,Assembly,5,50,71,5,14,10,
,3,2020,1/16,PC,63910,1200-013,Option Cards,Assembly,1,10,7,1,7,10,
,3,2020,1/16,PC,64152,1200-013,Option Cards,Assembly,1,10,12,1,12,10,
,3,2020,1/16,PC,64244,1200-013,Option Cards,Assembly,4,40,34,4,9,10,
,3,2020,1/16,PC,64266,1200-033,Option Cards,Assembly,1,10,10,1,10,10,
,3,2020,1/16,PC,65226,1200-013,Option Cards,Assembly,1,10,4,1,4,10,
,3,2020,1/16,PC,63365,1200-023,Option Cards,Assembly,1,10,4,1,4,10,
,3,2020,1/16,PC,30222,1209-0002-0601,Option Cards,Assembly,1,10,18,1,18,10,
,3,2020,1/16,PC,65212,1200-003,Configuration,Assembly,1,10,10,1,10,10,
,3,2020,1/16,PC,65234,1200-003,Configuration,Assembly,1,10,8,1,8,10,
,3,2020,1/16,PC,65710,1200-033,Configuration,Assembly,1,10,6,1,6,10,
,3,2020,1/16,PC,65710,1200-011,Configuration,Assembly,2,20,8,2,4,10,
,3,2020,1/16,PC,30315,1209-0003-0601,Configuration,Assembly,1,10,8,1,8,10,
,3,2020,1/16,PC,62495,1200-001,Configuration,Assembly,4,40,32,4,8,10,
,3,2020,1/16,PC,65237,1200-013,Configuration,Assembly,1,10,5,1,5,10,
,3,2020,1/16,PC,63311,1200-013,Configuration,Assembly,1,10,9,1,9,10,
,3,2020,1/16,PC,63891,1200-213,Configuration,Assembly,2,20,12,2,6,10,
,3,2020,1/16,PC,63216,1200-213,Configuration,Assembly,3,30,68,3,23,10,
,3,2020,1/16,PC,65221,1200-213,Configuration,Assembly,1,10,17,1,17,10,
,3,2020,1/16,PC,64219,1200-213,Configuration,Assembly,3,30,24,3,8,10,
,3,2020,1/16,PC,30327,1200-9059-0500,Configuration,Assembly,2,20,26,2,13,10,
,2,2020,1/7,EE,29985,1200-013,SecureSync,Assembly,10,470,76,3,25,47,
,2,2020,1/7,DK,30038,1204-10,Option Cards,Assembly,6,60,66,6,11,10,
,2,2020,1/7,DK,30156,1228-0110,Versasync/PNT,Assembly,1,18,47,1,47,18,
,2,2020,1/7,DK,30165,1228-1410,Versasync/PNT,Assembly,3,54,85,3,28,18,
,2,2020,1/7,DK,30170,1191-2001,Option Cards,Assembly,3,30,25,3,8,10,
,2,2020,1/7,DK,30144,1191-0041,Option Cards,Assembly,12,120,49,12,4,10,
,2,2020,1/7,DK,30075,1204-11,Option Cards,Assembly,9,90,15,9,2,10,
,3,2020,1/13,DK,30137,1200-213,SecureSync,Test,10,320,92,10,9,32,
,3,2020,1/13,DK,30285,1204-17,Option Cards,Assembly,3,30,107,3,36,10,
,3,2020,1/13,DK,30066,1204-18,Option Cards,Assembly,6,60,26,6,4,10,
,3,2020,1/15,DK,30133,1200-003,SecureSync,Test,10,320,265,10,27,32,
,3,2020,1/15,DK,29691,1200-023,SecureSync,Test,1,32,79,1,79,32,
,2,2020,1/6,DK,29992,1204-27,Option Cards,Test,9,90,104,9,12,10,
,1,2020,1/2,DK,29998,1204-32,Option Cards,Test,18,180,43,18,2,10,
,1,2020,1/2,DK,30039,1204-32,Option Cards,Test,12,120,154,12,13,10,
,1,2020,1/2,DK,30071,1204-02,Option Cards,Test,12,120,61,12,5,10,
,3,2020,1/14,DK,30138,1200-033,SecureSync,Test,10,320,272,10,27,32,
,3,2020,1/14,DK,30227,1204-1D,Option Cards,Test,6,60,79,6,13,10,
,3,2020,1/14,DK,30163,1204-1E,Option Cards,Test,3,30,24,3,8,10,
,2,2020,1/7,DK,30072,1204-05,Option Cards,Test,12,120,134,12,11,10,
,2,2020,1/7,DK,30074,1204-14,Option Cards,Test,9,90,111,9,12,10,
,2,2020,1/8,RD,29985,1200-013,SecureSync,Test,10,320,115,7,16,32,
,2,2020,1/8,CS,30170,1191-2001-0600,Timing ,Test,3,72,53,3,18,24,
,2,2020,1/8,CS,30144,1191-0041-0600,Timing ,Test,12,288,192,12,16,24,
,3,2020,1/14,CS,30146,1200-013,SecureSync,Test,9,288,51,9,6,32,
,3,2020,1/14,CS,30143,1209-0012-0600,SecureSync,Test,8,256,126,8,16,32,
,3,2020,1/14,CS,30299,1219-0000-0600,Timing ,Assembly,3,24,61,3,20,8,
,3,2020,1/14,CS,30307,1191-1001-0600,Timing ,Assembly,10,80,13,10,1,8,
,3,2020,1/14,CS,30302,TSYNC-PCIE-9002,Timing ,Assembly,15,120,91,15,6,8,
,3,2020,1/14,CS,30305,1204-1F,Option Cards,Assembly,12,120,30,12,3,10,
,3,2020,1/14,CS,30226,1204-3E,Option Cards,Assembly,4,40,17,4,4,10,
,3,2020,1/14,CS,30143,1209-0012-0600,SecureSync,Assembly,8,376,187,8,23,47,
,3,2020,1/14,CS,30284,1191-1002-0600,Timing ,Test,15,360,275,15,18,24,
,2,2020,1/9,CS,30140,1191-0031-0600,Timing ,Test,5,120,73,5,15,24,
,2,2020,1/9,CS,30164,TSYNC-PCIE-9002,Timing ,Test,10,240,138,10,14,24,
,2,2020,1/9,CS,30133,1200-003,SecureSync,Assembly,10,470,220,10,22,47,
,2,2020,1/7,CS,30158,1191-1002-0600,Timing ,Test,13,312,198,13,15,24,
,2,2020,1/7,CS,29979,1204-25,Option Cards,Assembly,9,90,237,9,26,10,
,3,2020,1/16,CS,30318,1204-19,Option Cards,Assembly,3,30,71,3,24,10,
,3,2020,1/16,CS,30307,1191-1001-0600,Timing ,Test,10,240,420,10,42,24,
,3,2020,1/16,CS,30302,TSYNC-PCIE-9002,Timing ,Test,15,360,398,15,27,24,
,3,2020,1/16,CS,30299,1219-0000-0600,Timing ,Test,3,72,61,3,20,24,
,3,2020,1/16,CS,30186,1200-253,SecureSync,Assembly,1,47,225,1,225,47,
,3,2020,1/16,CS,30317,1200-H433-0600,SecureSync,Assembly,5,235,225,5,45,47,
,3,2020,1/16,CS,30298,1200-H033-0600,SecureSync,Assembly,5,235,190,5,38,47,
,3,2020,1/15,EE,30173,1200-213,SecureSync,Assembly,10,470,241,10,24,47,
,3,2020,1/16,KP,30308,1228-0410,Versasync/PNT,Assembly,6,108,240,6,40,18,
,3,2020,1/16,KP,30173,1200-213,SecureSync,Assembly,10,470,218,10,22,47,
,3,2020,1/17,PC,30287,1204-13,Option Cards,Assembly,5,50,280,5,56,10,
,3,2020,1/17,PC,30332,1204-19,Option Cards,Assembly,3,30,61,3,20,10,
,3,2020,1/17,DK,30226,1204-3E,Timing ,Test,4,96,191,4,48,24,
,3,2020,1/17,KP,30219,1209-0032,SecureSync,Assembly,2,94,44,2,22,47,
,3,2020,1/17,KP,30224,1200-213,SecureSync,Assembly,10,470,444,10,44,47,
,3,2020,1/17,EE,30172,1200-0017-0600,SecureSync,Assembly,6,282,331,6,55,47,
,3,2020,1/17,CS,30289,1200-233,SecureSync,Assembly,5,235,215,5,43,47,
,3,2020,1/17,CS,30301,1200-001,SecureSync,Assembly,6,282,186,6,31,47,
,3,2020,1/17,DK,30070,1204-1C,Option Cards,Test,21,210,114,21,5,10,
,3,2020,1/17,DK,30287,1204-13,Option Cards,Test,9,90,143,9,16,10,
,3,2020,1/17,DK,30318,1204-19,Option Cards,Test,3,30,19,3,6,10,
,3,2020,1/17,DK,30332,1204-19,Option Cards,Test,3,30,67,3,22,10,
,3,2020,1/17,RD,30218,1200-233,SecureSync,Test,4,128,67,4,17,32,
,3,2020,1/17,RD,30219,1209-0032-0600,SecureSync,Test,2,64,42,2,21,32,
,3,2020,1/17,RD,30289,1200-233,SecureSync,Test,5,160,147,5,29,32,
,3,2020,1/17,RD,30174,1204-09,Option Cards,Test,6,60,17,6,3,10,
,3,2020,1/17,KP,30218,1200-233,SecureSync,Assembly,4,188,251,4,63,47,
,4,2020,1/21,KP,30286,1200-013,SecureSync,Assembly,10,470,478,10,48,47,
,4,2020,1/20,JO,30369,1200-201,SecureSync,Assembly,8,376,408,8,51,47,
,4,2020,1/20,JO,30331,1200-113,SecureSync,Assembly,11,517,466,11,42,47,
,4,2020,1/21,DK,30224,1200-213,SecureSync,Test,10,320,149,10,15,32,
,4,2020,1/21,DK,30369,1200-201,SecureSync,Test,8,256,209,8,26,32,
,4,2020,1/20,EE,30333,1209-0012-0600,SecureSync,Assembly,8,376,413,6,69,47,
,2,2020,1/9,EE,30145,1200-0227-0600,SecureSync,Assembly,7,329,294,7,42,47,
,2,2020,1/9,EE,30141,1200-413,SecureSync,Assembly,1,47,47,1,47,47,
,2,2020,1/10,KP,30142,1200-0017,SecureSync,Assembly,2,94,115,2,58,47,
,2,2020,1/10,KP,30136,1200-231,SecureSync,Assembly,1,47,115,1,115,47,
,2,2020,1/10,KP,30185,1118-0020,Kits,Assembly,5,25,138,5,28,5,
,3,2020,1/14,KP,30284,1191-1001,Option Cards,Assembly,15,150,99,15,7,10,
,3,2020,1/13,EE,30220,1232-012,Velasync,Assembly,9,108,125,9,14,12,
,3,2020,1/13,EE,30133,1200-003,SecureSync,Assembly,10,470,80,10,8,47,
,3,2020,1/13,EE,30138,1200-033,SecureSync,Assembly,10,470,428,10,43,47,
,3,2020,1/14,KP,30154,1232-033,Velasync,Assembly,5,60,236,5,47,12,
,3,2020,1/15,KP,30161,1200-003,SecureSync,Assembly,8,376,449,8,56,47,
,2,2020,1/9,KP,30147,1200-201,SecureSync,Assembly,6,282,351,6,59,47,
,2,2020,1/9,KP,30139,1200-0037,SecureSync,Assembly,1,47,71,1,71,47,
,4,2020,1/20,KP,30364,1200-223,SecureSync,Assembly,4,188,238,4,60,47,
,4,2020,1/20,KP,30394,1204-30,Option Cards,Assembly,3,30,40,3,13,10,
,4,2020,1/20,KP,30368,1204-06,Option Cards,Assembly,24,240,38,24,2,10,
,4,2020,1/20,CS,30388,1191-1001-0600,Timing ,Test,8,192,131,8,16,24,
,4,2020,1/20,CS,30172,1200-0017-0600,SecureSync,Test,6,192,104,6,17,32,
,4,2020,1/20,CS,30301,1200-001,SecureSync,Test,6,192,154,6,26,32,
,4,2020,1/20,CS,30364,1200-223,SecureSync,Test,4,128,60,4,15,32,
,2,2020,1/8,EE,30137,1200-213,SecureSync,Assembly,10,470,420,10,42,47,
,2,2020,1/10,CS,30131,1209-0012-0600,SecureSync,Assembly,10,470,240,10,24,47,
,2,2020,1/10,CS,30162,1209-0002-0600,SecureSync,Assembly,4,188,240,4,60,47,
,2,2020,1/10,CS,30150,1200-001,SecureSync,Assembly,4,188,240,4,60,47,
,2,2020,1/11,CS,30149,1210-0002-0600,SecureSync,Assembly,5,235,116,5,23,47,
,2,2020,1/11,CS,30146,1200-013,SecureSync,Assembly,10,470,197,10,20,47,
,3,2020,1/17,RD,30173,1200-213,SecureSync,Test,10,320,177,7,25,32,
,4,2020,1/21,PC,30460,1200-H003-0601,Configuration,Assembly,5,50,31,5,6,10,
,4,2020,1/21,PC,30459,1209-0003-0601,Configuration,Assembly,1,10,7,1,7,10,
,4,2020,1/21,PC,30461,1209-00001-0601,Configuration,Assembly,1,10,6,1,6,10,
,4,2020,1/21,PC,65305,1200-003,Configuration,Assembly,1,10,4,1,4,10,
,4,2020,1/21,PC,65946,1200-003,Configuration,Assembly,1,10,11,1,11,10,
,4,2020,1/21,PC,62554,1200-023,Configuration,Assembly,2,20,15,2,8,10,
,4,2020,1/21,PC,65603,1200-2113,Configuration,Assembly,3,30,14,3,5,10,
,4,2020,1/21,PC,65727,1200-213,Configuration,Assembly,1,10,17,1,17,10,
,4,2020,1/21,PC,65961,1200-213,Configuration,Assembly,1,10,8,1,8,10,
,4,2020,1/21,PC,63516,1200-213,Configuration,Assembly,1,10,6,1,6,10,
,4,2020,1/21,PC,30316,1200-0701-0500,Configuration,Assembly,6,60,24,2,12,10,
,4,2020,1/21,PC,30316,1200-0701-0500,Configuration,Assembly,4,40,24,4,6,10,
,4,2020,1/21,PC,58729,1200-023,Configuration,Assembly,1,10,7,1,7,10,
,4,2020,1/21,PC,66558,1200-003,Configuration,Assembly,1,10,10,1,10,10,
,4,2020,1/21,PC,30328,1209-0001-0601,Configuration,Assembly,1,10,28,1,28,10,
,4,2020,1/21,PC,30390,1204-2f,Configuration,Assembly,3,30,11,1,11,10,
,4,2020,1/21,PC,65323,1200-213,Configuration,Assembly,1,10,8,1,8,10,
,4,2020,1/21,PC,62639,1200-313,Configuration,Assembly,1,10,14,1,14,10,
,4,2020,1/21,PC,65577,1200-003,Configuration,Assembly,1,10,54,1,54,10,
,4,2020,1/21,PC,65660,1200-003,Configuration,Assembly,1,10,7,1,7,10,
,4,2020,1/21,PC,65576,1200-233,Configuration,Assembly,5,50,46,5,9,10,
,4,2020,1/21,PC,65657,1200-013,Configuration,Assembly,1,10,8,1,8,10,
,4,2020,1/21,PC,65833,1200-003,Configuration,Assembly,1,10,8,1,1,10,
,4,2020,1/21,PC,65947,1200-013,Configuration,Assembly,2,20,24,2,12,10,
,4,2020,1/21,PC,65899,1200-003,Configuration,Assembly,1,10,11,1,11,10,
,4,2020,1/21,PC,65874,1200-003,Configuration,Assembly,1,10,6,1,6,10,
,4,2020,1/21,PC,30393,1209-0020-0601,Configuration,Assembly,2,20,22,2,11,10,
,4,2020,1/21,RD,30317,1200-H433-0600,SecureSync,Test,5,160,121,5,24,32,
,4,2020,1/22,EE,30333,1209-0012-0600,SecureSync,Assembly,8,376,123,2,62,47,
,4,2020,1/22,CS,30333,1209-0012-0600,SecureSync,Test,8,256,206,8,26,32,
,4,2020,1/22,CS,30497,1204-19,Option Cards,Assembly,3,30,62,3,21,10,
,4,2020,1/22,CS,30396,1204-1C,Option Cards,Assembly,21,210,344,21,16,10,
,4,2020,1/22,CS,30367,1200-203,SecureSync,Assembly,2,94,53,2,27,47,
,4,2020,1/22,RD,30331,1200-113,SecureSync,Test,11,352,240,11,22,32,
,4,2020,1/24,KP,30175,1200-023,SecureSync,Assembly,10,470,291,10,29,47,
,4,2020,1/22,KP,30286,1200-013,SecureSync,Assembly,10,470,57,10,6,47,
,4,2020,1/22,KP,30367,1200-203,SecureSync,Assembly,2,94,193,2,97,47,
,4,2020,1/22,KP,30501,1191-0041,Option Cards,Assembly,3,30,25,3,8,10,
,4,2020,1/22,KP,30495,1191-2001,Option Cards,Assembly,8,80,95,8,12,10,
,4,2020,1/22,KP,30371,1204-3E,Option Cards,Assembly,3,30,64,3,21,10,
,4,2020,1/23,KP,30175,1200-023,SecureSync,Assembly,10,470,378,2,189,47,
,4,2020,1/23,KP,30303,1200-223,SecureSync,Assembly,2,94,70,2,35,47,
,4,2020,1/23,DK,30334,1204-04,Option Cards,Test,12,120,87,12,7,10,
,4,2020,1/23,DK,30396,1204-1C,Option Cards,Test,21,210,83,21,4,10,
,4,2020,1/23,DK,30371,1204-3E,Timing ,Test,3,72,193,1,193,24,
,4,2020,1/23,DK,30286,1200-013,SecureSync,Test,2,64,50,1,50,32,
,4,2020,1/23,PC,66185,1200-013,Configuration,Assembly,1,10,14,1,14,10,
,4,2020,1/23,PC,65722,1200-033,Configuration,Assembly,1,10,10,1,10,10,
,4,2020,1/23,PC,65895,1200-033,Configuration,Assembly,1,10,6,1,6,10,
,4,2020,1/23,PC,30449,1209-0001-0601,Configuration,Assembly,1,10,13,1,13,10,
,4,2020,1/23,PC,65996,1200-003,Configuration,Assembly,1,10,10,1,10,10,
,4,2020,1/23,PC,65189,1200-033,Configuration,Assembly,3,30,21,3,7,10,
,5,2020,1/29,JO,30507,1200-H003-0600,SecureSync,Assembly,5,235,72,5,14,47,
,5,2020,1/29,JO,30613,1204-01,Option Cards,Assembly,15,150,31,15,2,10,
,5,2020,1/29,JO,30574,1204-18,Option Cards,Assembly,6,60,92,6,15,10,
,5,2020,1/29,JO,30446,1200-9058-0600,SecureSync,Assembly,1,47,80,1,80,47,
,5,2020,1/29,JO,30575,1204-29,Option Cards,Assembly,16,160,189,16,12,10,
,4,2020,1/24,JO,30499,1212-005X-2000,GSG,Assembly,10,900,148,10,15,90,
,4,2020,1/24,JO,30372,1200-003,SecureSync,Assembly,8,376,166,8,21,47,
,5,2020,1/29,CS,30620,TSYNC-PCIE-9002,Timing ,Test,22,528,197,22,9,24,
,5,2020,1/29,CS,30448,1200-0017-0600,SecureSync,Test,10,320,203,10,20,32,
,5,2020,1/29,CS,30507,1200-H003-0600,SecureSync,Test,5,160,15,3,5,32,
,5,2020,1/29,KP,30447,1209-0002,SecureSync,Assembly,4,188,198,4,50,47,
,5,2020,1/29,KP,30614,1204-1A,Option Cards,Assembly,21,210,87,87,1,10,
,5,2020,1/29,KP,30647,1191-90003,Option Cards,Assembly,3,30,30,3,10,10,
,5,2020,1/29,KP,30641,1191-2002,Option Cards,Assembly,4,40,32,4,8,10,
,5,2020,1/29,KP,30640,119-1001,Option Cards,Assembly,13,130,31,13,2,10,
,5,2020,1/29,PC,30510,PS06R-2Z1M-DT01  30223,Kits,Assembly,10,50,147,4,37,5,
,5,2020,1/30,EE,30572,1200-011,SecureSync,Assembly,4,188,157,4,39,47,
,5,2020,1/29,RD,30463,1200-433,SecureSync,Test,1,32,38,1,38,32,
,5,2020,1/29,RD,30466,1200-413,SecureSync,Test,1,32,7,1,7,32,
,5,2020,1/30,RD,30447,1209-0002-0600,SecureSync,Test,4,128,28,4,7,32,
,5,2020,1/30,RD,30641,1191-2002-0600,Timing ,Test,4,96,86,4,22,24,
,4,2020,1/24,PC,65721,1200-013,Configuration,Assembly,1,10,20,1,20,10,
,4,2020,1/24,PC,30449,1209-00001-0601,Configuration,Assembly,2,20,15,2,8,10,
,4,2020,1/24,PC,30445,PS06R-2Z1M-DT01 ,Kits,Assembly,16,80,146,5,29,5,
,4,2020,1/24,PC,30445,PS06R-2Z1M-DT01,Kits,Assembly,11,55,115,5,23,5,
,4,2020,1/24,PC,65949,1200-001,Configuration,Assembly,1,10,10,1,10,10,
,4,2020,1/23,PC,65941-1,1200-223,Configuration,Assembly,2,20,24,2,12,10,
,4,2020,1/23,PC,65941-2,1200-201,Configuration,Assembly,4,40,13,4,3,10,
,4,2020,1/23,PC,30500,1200-H002-0601,Configuration,Assembly,5,50,60,5,12,10,
